name,datetime,tempmax,tempmin,temp,feelslikemax,feelslikemin,feelslike,dew,humidity,precip,precipprob,precipcover,preciptype,snow,snowdepth,windgust,windspeed,winddir,sealevelpressure,cloudcover,visibility,solarradiation,solarenergy,uvindex,severerisk,sunrise,sunset,moonphase,conditions,description,icon,stations
"42.0955,-75.9179",2025-01-01,39.8,30.1,35.2,38.1,17.2,27.9,33.1,92.4,0.528,100,66.67,"rain,snow",0.7,0.2,33,20.8,279.9,1001.6,86.5,4.5,15.6,1.3,1,10,2025-01-01T07:32:14,2025-01-01T16:42:56,0.06,"Snow, Rain, Partially cloudy",Partly cloudy throughout the day with a chance of rain or snow throughout the day.,snow,"KITH,72515594761,USW00004725,USW00094761,72515004725,F1524,KBGM,F2977"
"42.0955,-75.9179",2025-01-02,30.1,24.3,28.1,21,11.3,17.3,21.7,77.3,0.197,100,20.83,"rain,snow",2.1,0.6,34.4,19.5,282.4,1012,94.8,7.3,51.5,4.5,5,10,2025-01-02T07:32:18,2025-01-02T16:43:49,0.1,"Snow, Rain, Overcast",Cloudy skies throughout the day with a chance of rain or snow throughout the day.,snow,"KITH,99999964758,72515594761,USW00004725,USW00094761,72515004725,F1524,KBGM,F2977"
"42.0955,-75.9179",2025-01-03,25.2,21.1,23.8,17.2,7.6,12.9,14.9,68.6,0,0,0,snow,0.3,0.4,31.5,19.4,277.6,1010.6,91.4,9,19.3,1.7,1,10,2025-01-03T07:32:19,2025-01-03T16:44:44,0.13,Overcast,Cloudy skies throughout the day.,cloudy,"KITH,72515594761,USW00004725,USW00094761,72515004725,F1524,KBGM,F2977"
"42.0955,-75.9179",2025-01-04,21.9,20.1,20.4,10.1,4.9,6.9,12.3,70.8,0.015,100,8.33,snow,1,2.3,37.9,21.9,286.6,1010.9,97.7,6.8,39.8,3.4,2,10,2025-01-04T07:32:17,2025-01-04T16:45:41,0.17,"Snow, Overcast",Cloudy skies throughout the day with snow clearing later.,snow,"KITH,72515594761,USW00004725,USW00094761,72515004725,F1524,KBGM,F2977"
"42.0955,-75.9179",2025-01-05,22,18,20.5,14.3,3.2,7.9,11.8,68.7,0,0,0,snow,0.2,0.9,38.6,19.7,285.2,1016,100,9.1,35.4,3,2,10,2025-01-05T07:32:13,2025-01-05T16:46:39,0.21,Overcast,Cloudy skies throughout the day.,cloudy,"KITH,72515594761,USW00004725,USW00094761,72515004725,F1524,KBGM,F2977"
"42.0955,-75.9179",2025-01-06,21.9,9.1,17.6,21.9,-8.2,7.3,12.2,79.3,0,0,0,snow,0,0.1,27.7,15.8,345.2,1012.1,89.8,9.6,31,2.7,2,10,2025-01-06T07:32:07,2025-01-06T16:47:38,0.25,Partially cloudy,Partly cloudy throughout the day.,partly-cloudy-day,"KITH,72515594761,USW00004725,USW00094761,72515004725,F1524,KBGM,F2977"
"42.0955,-75.9179",2025-01-07,18.1,12,16.1,5.6,-4.6,0.7,10.4,78.1,0,0,0,snow,1.4,0.2,37.9,23.1,309,1013.7,86.7,2.8,36.7,3.1,2,10,2025-01-07T07:31:59,2025-01-07T16:48:39,0.28,Partially cloudy,Partly cloudy throughout the day.,partly-cloudy-day,"KITH,72515594761,USW00004725,USW00094761,72515004725,F1524,KBGM,F2977"
"42.0955,-75.9179",2025-01-08,16.2,12.1,13.7,4.4,-6.2,-1.5,7.4,75.6,0.044,100,20.83,snow,1.6,1.6,35.5,22.9,302.5,1014.7,93.3,4.1,62.9,5.6,4,10,2025-01-08T07:31:48,2025-01-08T16:49:41,0.31,"Snow, Overcast",Cloudy skies throughout the day with snow clearing later.,snow,"KITH,72515594761,USW00004725,USW00094761,72515004725,KBGM,F2977"
"42.0955,-75.9179",2025-01-09,18,12,15.5,4.5,-4.3,-0.1,9.6,77.2,0.039,100,16.67,snow,0.8,2,38.2,21.9,311.4,1013.9,93.3,4.8,38,3.4,2,10,2025-01-09T07:31:34,2025-01-09T16:50:44,0.35,"Snow, Overcast",Cloudy skies throughout the day with early morning snow.,snow,"KITH,72515594761,USW00004725,USW00094761,72515004725,F1524,KBGM,F2977"
"42.0955,-75.9179",2025-01-10,25.1,14.2,19,19.3,1.8,9.5,11.9,73.6,0,0,0,snow,0.4,1.1,26.4,16.1,322.6,1015.6,51.9,9.9,85.9,7.3,5,10,2025-01-10T07:31:19,2025-01-10T16:51:49,0.38,Partially cloudy,Clearing in the afternoon.,partly-cloudy-day,"KITH,72515594761,USW00004725,USW00094761,72515004725,F1524,KBGM,F2977"
"42.0955,-75.9179",2025-01-11,24.3,17.9,21.1,19.2,11,14.2,17.1,84.3,0.187,100,41.67,snow,1,2.2,27.1,12.6,329.3,1003.6,91.5,5.4,25.8,2.2,2,10,2025-01-11T07:31:01,2025-01-11T16:52:55,0.42,"Snow, Overcast",Cloudy skies throughout the day with a chance of snow throughout the day.,snow,"KITH,99999964758,72515594761,USW00004725,USW00094761,72515004725,F1524,KBGM,F2977"
"42.0955,-75.9179",2025-01-12,31,24.2,27.1,30.9,14.5,21.7,19.8,74.5,0,0,0,snow,0.3,1.7,24.2,11.2,282.5,1014.4,82.2,8.8,60,5.3,5,10,2025-01-12T07:30:41,2025-01-12T16:54:02,0.46,Partially cloudy,Partly cloudy throughout the day.,partly-cloudy-day,"KITH,72515594761,USW00004725,USW00094761,72515004725,F1524,KBGM,F2977"
"42.0955,-75.9179",2025-01-13,33.1,23.1,28.1,24.3,10.6,19.4,17.5,64.6,0,0,0,snow,0,1,31.1,16.3,257.3,1012.5,78.8,9.9,53.9,4.7,4,10,2025-01-13T07:30:18,2025-01-13T16:55:10,0.5,Partially cloudy,Partly cloudy throughout the day.,partly-cloudy-day,"KITH,72515594761,USW00004725,USW00094761,72515004725,F1524,KBGM,F2977"
"42.0955,-75.9179",2025-01-14,23.1,13,17.6,11.9,-0.8,5.6,9.7,71.3,0.037,100,20.83,snow,0.6,0.6,29.3,15.1,288.6,1015.5,93.6,7.2,50.1,4.4,4,10,2025-01-14T07:29:53,2025-01-14T16:56:19,0.52,"Snow, Overcast",Cloudy skies throughout the day with snow.,snow,"KITH,99999964758,72515594761,KN03,USW00004725,USW00094761,72515004725,KBGM,F2977"
"42.0955,-75.9179",2025-01-15,21,13,17.2,11.1,-0.9,5.5,10.7,75.8,0.029,100,16.67,snow,2,2.6,26.7,13,290.3,1020.6,93.3,6.4,58.5,5.2,3,10,2025-01-15T07:29:26,2025-01-15T16:57:29,0.56,"Snow, Overcast",Cloudy skies throughout the day with a chance of snow throughout the day.,snow,"KITH,72515594761,USW00004725,USW00094761,72515004725,F1524,KBGM,F2977"
"42.0955,-75.9179",2025-01-16,18.2,12.9,16.7,12.7,2.3,6.9,11.1,78.6,0.071,100,20.83,snow,1.3,2.8,22.8,10.1,213.7,1011.8,82.9,6.3,41.9,3.7,2,10,2025-01-16T07:28:57,2025-01-16T16:58:40,0.59,"Snow, Partially cloudy",Partly cloudy throughout the day with snow.,snow,"KITH,72515594761,USW00004725,USW00094761,72515004725,F1524,KBGM,F2977"
"42.0955,-75.9179",2025-01-17,30.1,19.3,25.6,25,9.5,17.5,20.2,80.1,0.011,100,4.17,"rain,snow",0.6,3,23,11.7,227.7,1014.8,85.7,9,39.6,3.3,2,10,2025-01-17T07:28:25,2025-01-17T16:59:52,0.62,"Snow, Rain, Partially cloudy",Partly cloudy throughout the day with early morning snow or rain.,snow,"KITH,99999964758,72515594761,KN03,USW00004725,USW00094761,72515004725,F1524,KBGM,F2977"
"42.0955,-75.9179",2025-01-18,32.1,29.1,30.3,27.5,19.4,22.6,24.5,79.4,0.06,100,16.67,"rain,snow",0.4,1.2,26.8,14.1,185.1,1009.3,64.3,7.6,16.3,1.4,1,10,2025-01-18T07:27:52,2025-01-18T17:01:04,0.65,"Snow, Rain, Partially cloudy",Partly cloudy throughout the day with afternoon rain or snow.,snow,"KITH,99999964758,KN03,72515594761,USW00004725,USW00094761,72515004725,F1524,KBGM,F2977"
"42.0955,-75.9179",2025-01-19,29,11.2,18.3,18.3,-3.9,6.1,10.6,72,0,0,0,snow,0.5,1,27.7,14.8,340.6,1011.8,100,8.5,32.3,2.7,2,10,2025-01-19T07:27:16,2025-01-19T17:02:17,0.69,Overcast,Cloudy skies throughout the day.,cloudy,"KITH,99999964758,KN03,72515594761,USW00004725,USW00094761,72515004725,KBGM,F2977"
"42.0955,-75.9179",2025-01-20,15.2,5,8.6,0.4,-11.3,-4,-1.3,64.3,0,0,0,snow,1,1.5,26.4,17.4,281.6,1022.3,47.7,9,97.4,8.5,5,10,2025-01-20T07:26:38,2025-01-20T17:03:31,0.72,Partially cloudy,Partly cloudy throughout the day.,partly-cloudy-day,"KITH,72515594761,USW00004725,USW00094761,72515004725,KBGM,F2977"
"42.0955,-75.9179",2025-01-21,10.2,-0.1,4,1.2,-14.3,-7.4,-8.3,56.3,0,0,0,,0,0.4,19.9,11.3,233.5,1030.4,40.8,9.9,75.4,6.4,4,10,2025-01-21T07:25:57,2025-01-21T17:04:45,0.75,Partially cloudy,Partly cloudy throughout the day.,partly-cloudy-day,"KITH,72515594761,USW00004725,USW00094761,72515004725,KBGM,F2977"
"42.0955,-75.9179",2025-01-22,11,-4.3,4.5,2.9,-14.7,-5.8,-9,54,0,0,0,,0,0.4,17.2,12.6,224,1030.4,28,9.9,100,8.6,5,10,2025-01-22T07:25:15,2025-01-22T17:06:00,0.78,Partially cloudy,Partly cloudy throughout the day.,partly-cloudy-day,"KITH,99999964758,72515594761,KN03,USW00004725,USW00094761,72515004725,KBGM,F2977"
"42.0955,-75.9179",2025-01-23,23.2,8.2,14.9,14.2,-6.1,4.3,-2.1,46.6,0,0,0,,0,1.1,23.7,12.8,202.6,1021.2,70.1,9.9,99.7,8.7,5,10,2025-01-23T07:24:31,2025-01-23T17:07:16,0.81,Partially cloudy,Clearing in the afternoon.,partly-cloudy-day,"KITH,72515594761,USW00004725,USW00094761,72515004725,KBGM,F2977"
"42.0955,-75.9179",2025-01-24,21.9,14.3,18.3,19.1,2.5,9.1,9.2,67.5,0,0,0,snow,0.3,2.2,21.3,12.6,278.1,1020.7,78.7,9.5,52.7,4.6,3,10,2025-01-24T07:23:44,2025-01-24T17:08:32,0.85,Partially cloudy,Partly cloudy throughout the day.,partly-cloudy-day,"KITH,72515594761,USW00004725,USW00094761,72515004725,KBGM,F2977"
"42.0955,-75.9179",2025-01-25,24.3,10.9,17.9,15.3,-0.8,8.6,7,62.4,0,0,0,snow,0,1.7,24.4,13.7,213.9,1022.8,82.1,9.8,59.1,5.2,3,10,2025-01-25T07:22:56,2025-01-25T17:09:48,0.88,Partially cloudy,Partly cloudy throughout the day.,partly-cloudy-day,"KITH,72515594761,USW00004725,USW00094761,72515004725,KBGM,F2977"
"42.0955,-75.9179",2025-01-26,30,20.3,26.3,19.9,10.9,16.5,14.9,63,0.011,100,4.17,snow,0.3,0.8,32.9,21.8,270.3,1018.5,54.7,9.4,94,8,6,10,2025-01-26T07:22:06,2025-01-26T17:11:05,0.91,"Snow, Partially cloudy",Partly cloudy throughout the day with morning snow.,snow,"KITH,72515594761,USW00004725,USW00094761,72515004725,F1524,KBGM,F2977"
"42.0955,-75.9179",2025-01-27,32.2,17.1,25.3,21.3,5.8,14,9,51.9,0,0,0,,0,0.6,38.3,22.5,232.3,1009.9,14.6,9.9,113.7,9.9,5,10,2025-01-27T07:21:13,2025-01-27T17:12:22,0.94,Clear,Clear conditions throughout the day.,clear-day,"KITH,72515594761,USW00004725,USW00094761,72515004725,F1524,KBGM,F2977"
"42.0955,-75.9179",2025-01-28,29.1,17.1,23.1,20.9,3.7,12.2,11.8,62.5,0.014,100,4.17,snow,0.8,0.5,36.1,18.3,273.6,1001.3,73.2,8.2,94.1,8.1,5,10,2025-01-28T07:20:19,2025-01-28T17:13:39,0.97,"Snow, Partially cloudy",Partly cloudy throughout the day with morning snow.,snow,"KITH,72515594761,USW00004725,USW00094761,72515004725,KBGM,F2977"
"42.0955,-75.9179",2025-01-29,37,16.1,29.5,27,2.9,18.4,20.7,70.2,0.071,100,20.83,"rain,snow",1.7,0.8,47,23.7,277.1,999.5,94.5,6.7,42.8,3.8,4,10,2025-01-29T07:19:23,2025-01-29T17:14:56,0,"Snow, Rain, Overcast",Cloudy skies throughout the day with rain or snow.,snow,"KITH,72515594761,USW00004725,USW00094761,72515004725,KBGM,F2977"
"42.0955,-75.9179",2025-01-30,27,15.2,20.6,21.2,-0.9,11.3,9.2,61.4,0.007,100,4.17,snow,0.3,0.6,31.6,20.4,269,1020,57.5,9.6,80.8,7.1,5,10,2025-01-30T07:18:25,2025-01-30T17:16:14,0.04,"Snow, Partially cloudy",Partly cloudy throughout the day with morning snow.,snow,"KITH,72515594761,USW00004725,USW00094761,72515004725,F1524,KBGM,F2977"
"42.0955,-75.9179",2025-01-31,34.3,28.3,32.8,33.2,20.9,28.3,28,83.4,0.538,100,45.83,"rain,freezingrain,snow",0.1,0.8,21.5,9.2,174.5,1009.8,61.9,5.2,17.7,1.6,1,10,2025-01-31T07:17:26,2025-01-31T17:17:32,0.08,"Snow, Rain, Freezing Drizzle/Freezing Rain, Partially cloudy",Partly cloudy throughout the day with rain or snow.,snow,"KITH,99999964758,72515594761,KN03,USW00004725,USW00094761,72515004725,F1524,KBGM,F2977"
"42.0955,-75.9179",2025-02-01,31.9,4.9,15.4,23.3,-6.8,2.2,8.9,75.7,0.011,100,4.17,snow,0.6,1.3,35.3,21.5,338.5,1022,44.6,8.6,116,10,5,10,2025-02-01T07:16:24,2025-02-01T17:18:50,0.11,"Snow, Partially cloudy",Clearing in the afternoon with early morning snow.,snow,"KITH,72515594761,USW00004725,USW00094761,72515004725,F1524,KBGM,F2977"
"42.0955,-75.9179",2025-02-02,24.3,2.8,14.1,16.1,-11.2,3.2,8.1,77.6,0.136,100,20.83,snow,0.8,0.9,28.9,15,157.8,1027.9,40.5,8.4,56.2,5,3,10,2025-02-02T07:15:21,2025-02-02T17:20:08,0.15,"Snow, Partially cloudy",Becoming cloudy in the afternoon with snow.,snow,"KITH,72515594761,USW00004725,USW00094761,72515004725,F1524,KBGM,F2977"
"42.0955,-75.9179",2025-02-03,41.1,25.2,33.4,36.1,16.6,27.7,29.1,84,0,0,0,"rain,freezingrain,snow",0.9,2.2,23,12.6,209.2,1015,99.9,9.7,44.9,3.8,3,10,2025-02-03T07:14:16,2025-02-03T17:21:26,0.18,Overcast,Cloudy skies throughout the day.,cloudy,"KITH,72515594761,USW00004725,USW00094761,72515004725,F1524,KBGM,F2977"
"42.0955,-75.9179",2025-02-04,30.8,17.9,26,24.1,3.6,14.8,21.1,81.5,0.02,100,8.33,"rain,snow",0.2,1.2,33.3,16.1,327.3,1017.6,97.3,7.4,55,4.7,5,10,2025-02-04T07:13:10,2025-02-04T17:22:44,0.22,"Snow, Rain, Overcast",Cloudy skies throughout the day with rain or snow in the morning and afternoon.,snow,"KITH,99999964758,72515594761,KN03,USW00004725,USW00094761,72515004725,F1524,KBGM,F2977"
"42.0955,-75.9179",2025-02-05,22,12.9,17,21.1,1.4,8.2,8.2,68.5,0,0,0,snow,0,0.5,25.3,10.4,321.2,1028.2,51.4,8.8,109.7,9.5,7,10,2025-02-05T07:12:01,2025-02-05T17:24:02,0.25,Partially cloudy,Partly cloudy throughout the day.,partly-cloudy-day,"KITH,72515594761,USW00004725,USW00094761,72515004725,F1524,KBGM,F2977"
"42.0955,-75.9179",2025-02-06,37.2,15.1,28.1,30.6,4.3,18.4,22.2,78.8,0.192,100,37.5,"rain,freezingrain,snow,ice",1.4,0.6,29.1,15.3,182.8,1011.7,94.9,8.8,19,1.6,1,10,2025-02-06T07:10:52,2025-02-06T17:25:20,0.29,"Snow, Rain, Freezing Drizzle/Freezing Rain, Ice, Overcast",Cloudy skies throughout the day with rain or snow in the morning and afternoon.,snow,"KITH,72515594761,USW00004725,USW00094761,72515004725,F1524,KBGM,F2977"
"42.0955,-75.9179",2025-02-07,36.1,16.2,24.7,29,5.3,13.1,10,53.8,0,0,0,snow,0.4,1.5,42.1,24.2,297.4,1015.5,47.9,9.5,142.5,12.3,6,10,2025-02-07T07:09:40,2025-02-07T17:26:38,0.33,Partially cloudy,Partly cloudy throughout the day.,partly-cloudy-day,"KITH,72515594761,USW00004725,USW00094761,72515004725,F1524,KBGM,F2977"
"42.0955,-75.9179",2025-02-08,26.1,12.7,19.2,18.4,1.6,10.2,10.8,70.4,0.243,100,16.67,snow,2.7,0.9,33.6,12.7,158.6,1021.3,48.3,8.5,65.8,5.7,4,10,2025-02-08T07:08:28,2025-02-08T17:27:55,0.36,"Snow, Partially cloudy",Partly cloudy throughout the day with late afternoon snow.,snow,"KITH,72515594761,USW00004725,USW00094761,72515004725,F1524,KBGM"
"42.0955,-75.9179",2025-02-09,26.2,21,23.8,23,8.2,15.1,20,85.8,0.091,100,25,snow,4.4,4.5,27.3,16.1,289.4,1016.8,94.6,6.6,25.3,2.2,1,10,2025-02-09T07:07:13,2025-02-09T17:29:13,0.4,"Snow, Overcast",Cloudy skies throughout the day with snow.,snow,"KITH,72515594761,USW00004725,USW00094761,72515004725,F1524,KBGM,F2977"
"42.0955,-75.9179",2025-02-10,24.2,17.1,20.8,21,7,12.2,10.8,65.9,0.011,100,4.17,snow,0,3.6,23.3,12.9,302.7,1027.8,76.8,9.2,113.9,9.8,7,10,2025-02-10T07:05:58,2025-02-10T17:30:30,0.43,"Snow, Partially cloudy",Partly cloudy throughout the day with early morning snow.,snow,"KITH,72515594761,USW00004725,USW00094761,72515004725,F1524,KBGM,F2977"
"42.0955,-75.9179",2025-02-11,26.3,14.9,20.9,26.3,6.4,14.3,10,63,0,0,0,snow,0.1,3.2,15,10.2,220.7,1026.4,44.1,9.9,75.5,6.6,4,10,2025-02-11T07:04:41,2025-02-11T17:31:48,0.47,Partially cloudy,Becoming cloudy in the afternoon.,partly-cloudy-day,"KITH,99999964758,72515594761,KN03,USW00004725,USW00094761,72515004725,F1524,KBGM,F2977"
"42.0955,-75.9179",2025-02-12,30,13.8,22.6,22.8,6,14.6,15.3,73.6,0.024,100,8.33,snow,0.4,2.9,39.1,22.6,121.5,1022.3,71.5,8.8,55.5,4.8,2,10,2025-02-12T07:03:22,2025-02-12T17:33:05,0.5,"Snow, Partially cloudy",Partly cloudy throughout the day with late afternoon snow.,snow,"KITH,99999964758,KN03,72515594761,USW00004725,USW00094761,72515004725,F1524,KBGM,F2977"
"42.0955,-75.9179",2025-02-13,38,24.1,31.2,30.1,11.1,20.9,25.6,80.5,0.201,100,25,"rain,freezingrain,snow,ice",0.3,2.9,39.5,21.6,224.7,1012.2,99.5,8.4,44.6,3.9,3,10,2025-02-13T07:02:03,2025-02-13T17:34:22,0.54,"Snow, Rain, Freezing Drizzle/Freezing Rain, Ice, Overcast",Cloudy skies throughout the day with rain or snow in the morning and afternoon.,snow,"KITH,99999964758,KN03,72515594761,USW00004725,USW00094761,72515004725,F1524,KBGM,F2977"
"42.0955,-75.9179",2025-02-14,23,17.1,20,14.1,3.3,8.9,7.3,57.7,0,0,0,snow,0.2,3.4,33,18.6,299.9,1031.8,50,9.4,150.3,13.1,8,10,2025-02-14T07:00:42,2025-02-14T17:35:38,0.57,Partially cloudy,Partly cloudy throughout the day.,partly-cloudy-day,"KITH,72515594761,USW00004725,USW00094761,72515004725,F1524,KBGM,F2977"
"42.0955,-75.9179",2025-02-15,27.1,17.1,21.2,17.5,6.3,11.9,14.5,75.8,0.432,100,45.83,"freezingrain,snow,ice",2.6,3.8,27.7,12.9,148.5,1024,81,6,19.5,1.7,1,10,2025-02-15T06:59:19,2025-02-15T17:36:55,0.6,"Snow, Freezing Drizzle/Freezing Rain, Ice, Partially cloudy",Partly cloudy throughout the day with snow.,snow,"KITH,99999964758,72515594761,USW00004725,USW00094761,72515004725,F1524,KBGM,F2977"
"42.0955,-75.9179",2025-02-16,38.7,20.1,29.7,35.2,3.4,19.7,28.1,93.7,0.972,100,66.67,"rain,freezingrain,snow",2.5,4.2,36.8,22.8,206.8,995.3,93.4,3.7,10.9,1,0,10,2025-02-16T06:57:56,2025-02-16T17:38:11,0.63,"Snow, Rain, Freezing Drizzle/Freezing Rain, Overcast",Cloudy skies throughout the day with a chance of rain or snow throughout the day.,snow,"KITH,72515594761,USW00004725,USW00094761,72515004725,F1524,KBGM,F2977"
"42.0955,-75.9179",2025-02-17,20,10.2,16.7,4.6,-5.9,1.3,8.4,70.4,0.019,100,8.33,snow,0.8,5.4,47.8,24.7,288.3,1008.5,83,4.8,70,6.1,3,10,2025-02-17T06:56:31,2025-02-17T17:39:27,0.67,"Snow, Partially cloudy",Partly cloudy throughout the day with snow clearing later.,snow,"KITH,72515594761,USW00004725,USW00094761,72515004725,F1524,KBGM,F2977"
"42.0955,-75.9179",2025-02-18,16.1,5.1,10.4,2.4,-12.2,-6.4,-2.7,55.1,0,0,0,snow,0,5.2,39.5,22.7,287.4,1021,49.4,9.8,110.8,9.7,6,10,2025-02-18T06:55:06,2025-02-18T17:40:43,0.7,Partially cloudy,Partly cloudy throughout the day.,partly-cloudy-day,"KITH,72515594761,USW00004725,USW00094761,72515004725,F1524,KBGM,F2977"
"42.0955,-75.9179",2025-02-19,17.1,9.1,13,7.3,-6.6,1.3,5.3,70.9,0,0,0,snow,0.3,3.6,22.8,12.9,297.5,1025.1,97.7,8,59,5.1,3,10,2025-02-19T06:53:39,2025-02-19T17:41:58,0.73,Overcast,Cloudy skies throughout the day.,cloudy,"KITH,72515594761,USW00004725,USW00094761,72515004725,F1524,KBGM,F2977"
"42.0955,-75.9179",2025-02-20,16.1,11.1,13.4,11.2,-2.9,2.2,8.3,79.8,0.051,100,20.83,snow,1.9,3.6,28.7,14,320.1,1017.4,100,4.6,63.8,5.4,3,10,2025-02-20T06:52:11,2025-02-20T17:43:13,0.75,"Snow, Overcast",Cloudy skies throughout the day with snow.,snow,"KITH,99999964758,72515594761,KN03,USW00004725,USW00094761,72515004725,F1524,KBGM,F2977"
"42.0955,-75.9179",2025-02-21,18,12,14.4,6,-5.5,0.5,7.4,73.7,0.011,100,4.17,snow,1.5,3.9,34.3,19.7,306.5,1025.1,94.1,5.8,123.9,10.7,8,10,2025-02-21T06:50:42,2025-02-21T17:44:28,0.8,"Snow, Overcast",Cloudy skies throughout the day with morning snow.,snow,"KITH,72515594761,USW00004725,USW00094761,72515004725,F1524,KBGM,F2977"
"42.0955,-75.9179",2025-02-22,33.3,14.8,23.3,25.2,4,14.3,12.4,64.5,0,0,0,,0,3.6,25.3,16.1,237.9,1024.5,29,9.7,161.5,14,7,10,2025-02-22T06:49:12,2025-02-22T17:45:42,0.83,Partially cloudy,Clearing in the afternoon.,partly-cloudy-day,"KITH,72515594761,USW00004725,USW00094761,72515004725,F1524,KBGM,F2977"
"42.0955,-75.9179",2025-02-23,34,25.2,29.1,29.9,16.7,23.4,17.2,60.9,0,0,0,,0,2.2,19.7,11.2,285.5,1018.3,99.4,9.9,80.2,6.9,4,10,2025-02-23T06:47:41,2025-02-23T17:46:57,0.86,Overcast,Cloudy skies throughout the day.,cloudy,"KITH,72515594761,USW00004725,USW00094761,72515004725,F1524,KBGM,F2977"
"42.0955,-75.9179",2025-02-24,43.2,29,36.2,36.9,22.6,30.2,21.7,56.6,0,0,0,,0,1.2,29.9,19.8,196.1,1013,56.1,9.9,117.8,10.1,6,10,2025-02-24T06:46:09,2025-02-24T17:48:10,0.89,Partially cloudy,Partly cloudy throughout the day.,partly-cloudy-day,"KITH,72515594761,USW00004725,USW00094761,72515004725,F1524,KBGM,F2977"
"42.0955,-75.9179",2025-02-25,42.1,35.2,38.7,38.3,28.8,34.1,30.1,73.4,0.19,100,20.83,rain,0,1.8,22.1,10.2,225.3,1007.4,75.3,8.7,34.4,2.9,2,10,2025-02-25T06:44:37,2025-02-25T17:49:24,0.92,"Rain, Partially cloudy",Partly cloudy throughout the day with rain in the morning and afternoon.,rain,"KITH,72515594761,USW00004725,USW00094761,72515004725,F1524,KBGM,F2977"
"42.0955,-75.9179",2025-02-26,40.9,34,36.5,36.4,25.6,31.2,27.9,72,0.011,100,4.17,"rain,snow",0,1.4,23.5,16,311.9,1012.4,67.3,9.3,159.7,13.7,7,10,2025-02-26T06:43:03,2025-02-26T17:50:37,0.96,"Snow, Rain, Partially cloudy",Partly cloudy throughout the day with early morning snow or rain.,rain,"KITH,72515594761,USW00004725,USW00094761,72515004725,F1524,KBGM,F2977"
"42.0955,-75.9179",2025-02-27,44.1,34.2,37.6,38.7,26.4,30.9,34.7,89.3,0.273,100,33.33,rain,0.5,1.1,33.8,15,216.3,1004.7,93.7,7.5,37,3.3,3,10,2025-02-27T06:41:29,2025-02-27T17:51:50,0,"Rain, Overcast",Cloudy skies throughout the day with a chance of rain or snow throughout the day.,snow,"KITH,99999964758,72515594761,KN03,USW00004725,USW00094761,72515004725,F1524,KBGM,F2977"
"42.0955,-75.9179",2025-02-28,38.9,26.9,33.2,32.1,15.1,25.4,22.9,66.4,0.02,100,8.33,snow,0.2,1,35.3,18.4,276.3,1004.2,80.2,9.7,105.1,9,5,10,2025-02-28T06:39:54,2025-02-28T17:53:03,0.02,"Snow, Partially cloudy",Partly cloudy throughout the day with early morning snow.,snow,"KITH,72515594761,USW00004725,USW00094761,72515004725,F1524,KBGM"
"42.0955,-75.9179",2025-03-01,42.1,14.1,30.1,35.8,0.5,20.1,17.7,60.9,0.012,100,8.33,"rain,snow",0.5,1,32.3,20.8,286.1,1001.9,85.2,8.2,56.5,4.9,3,10,2025-03-01T06:38:18,2025-03-01T17:54:15,0.06,"Snow, Rain, Partially cloudy",Partly cloudy throughout the day with morning rain or snow.,snow,"KITH,72515594761,USW00004725,USW00094761,72515004725,KBGM,F2977"
"42.0955,-75.9179",2025-03-02,16.2,7.4,12.5,7.6,-9.1,-0.7,4.3,70.1,0.082,100,16.67,snow,0.6,1.4,35.1,18.3,308.6,1019.4,84,6.7,163.2,14.1,8,10,2025-03-02T06:36:42,2025-03-02T17:55:28,0.09,"Snow, Partially cloudy",Partly cloudy throughout the day with snow clearing later.,snow,"KITH,72515594761,USW00004725,USW00094761,72515004725,KBGM,F2977"
"42.0955,-75.9179",2025-03-03,30.9,15.4,22.6,29.1,5.5,15.6,8.1,54.5,0,0,0,,0,1.5,20.6,10.1,264.4,1022.6,44,9.9,198.9,17.4,7,10,2025-03-03T06:35:05,2025-03-03T17:56:39,0.13,Partially cloudy,Partly cloudy throughout the day.,partly-cloudy-day,"KITH,72515594761,USW00004725,USW00094761,72515004725,KBGM,F2977"
"42.0955,-75.9179",2025-03-04,47,26.9,36.9,43.3,19.4,31.1,19.4,49,0,0,0,freezingrain,0,0.7,21.9,10.1,157.5,1016.8,60.2,9.9,58.8,5,3,10,2025-03-04T06:33:27,2025-03-04T17:57:51,0.16,Partially cloudy,Partly cloudy throughout the day.,partly-cloudy-day,"KITH,99999964758,72515594761,KN03,USW00004725,USW00094761,72515004725,KBGM,F2977"
"42.0955,-75.9179",2025-03-05,51.3,40.4,46.9,51.3,35.2,43,41,81,0.458,100,45.83,rain,0,1,34.7,20.7,148.5,999.9,73.9,8.7,20.5,1.7,1,10,2025-03-05T06:31:49,2025-03-05T17:59:02,0.2,"Rain, Partially cloudy",Partly cloudy throughout the day with rain.,rain,"KITH,99999964758,72515594761,KN03,USW00004725,USW00094761,72515004725,KBGM,F2977"
"42.0955,-75.9179",2025-03-06,45,25.1,34.1,41.8,11.7,25.3,27.8,77.8,0.112,100,20.83,"rain,snow",0.2,0.7,33.5,20.6,281.1,994.4,99.5,8.9,38.6,3.4,2,10,2025-03-06T06:30:10,2025-03-06T18:00:13,0.25,"Snow, Rain, Overcast",Cloudy skies throughout the day with early morning snow or rain.,snow,"KITH,72515594761,USW00004725,USW00094761,72515004725,KBGM,F2977"
"42.0955,-75.9179",2025-03-07,35.9,24.3,28.7,27,11.2,18.1,15.2,58.4,0.011,100,4.17,"rain,snow",0.6,0.6,36.7,19.7,297.2,1004.6,59.1,8.3,98.9,8.6,6,10,2025-03-07T06:28:30,2025-03-07T18:01:24,0.27,"Snow, Rain, Partially cloudy",Partly cloudy throughout the day with early morning snow or rain.,snow,"KITH,72515594761,USW00004725,USW00094761,72515004725,KBGM,F2977"
"42.0955,-75.9179",2025-03-08,30.9,21.9,26.7,21.9,9.6,15.9,13.1,57,0.011,100,4.17,snow,0.6,1.1,39.1,20.9,299.6,1006.7,52,8.9,170.7,14.8,8,10,2025-03-08T06:26:50,2025-03-08T18:02:34,0.3,"Snow, Partially cloudy",Partly cloudy throughout the day with morning snow.,snow,"KITH,72515594761,USW00004725,USW00094761,72515004725,F1524,KBGM,F2977"
"42.0955,-75.9179",2025-03-09,42.3,19.3,31.4,36.2,9.6,23.5,15.9,54.8,0,0,0,snow,0,0,33.4,19.7,270.4,1010.9,56.5,9.9,126.3,10.6,8,10,2025-03-09T07:25:10,2025-03-09T19:03:45,0.34,Partially cloudy,Partly cloudy throughout the day.,partly-cloudy-day,"KITH,72515594761,USW00004725,USW00094761,72515004725,F1524,KBGM,F2977"
"42.0955,-75.9179",2025-03-10,57,35.9,46.3,57,30,43.2,24,43.2,0,0,0,,0,0,21.9,11.5,237.9,1009.3,16.7,9.9,198.4,16.9,7,10,2025-03-10T07:23:29,2025-03-10T19:04:55,0.37,Clear,Clear conditions throughout the day.,clear-day,"KITH,99999964758,72515594761,KN03,USW00004725,USW00094761,72515004725,KBGM,F2977"
"42.0955,-75.9179",2025-03-11,65.2,38.8,51,65.2,33,48.3,27,40.7,0,0,0,rain,0,0,30.8,18.5,235.5,1005.8,3.6,9.9,172,14.9,7,10,2025-03-11T07:21:48,2025-03-11T19:06:04,0.41,Clear,Clear conditions throughout the day.,clear-day,"KITH,72515594761,USW00004725,USW00094761,72515004725,KBGM,F2977"
"42.0955,-75.9179",2025-03-12,40.9,24.9,32.7,35.1,15.8,25.8,14.4,50.2,0,0,0,snow,0,0,24.2,14.9,24,1015.2,37.2,9.9,108.3,9.5,7,10,2025-03-12T07:20:06,2025-03-12T19:07:14,0.44,Partially cloudy,Becoming cloudy in the afternoon.,partly-cloudy-day,"KITH,99999964758,72515594761,KN03,USW00004725,USW00094761,72515004725,KBGM,F2977"
"42.0955,-75.9179",2025-03-13,52.3,31,40.6,52.3,22.4,35.9,21.6,48.3,0,0,0,,0,0,20.8,10.7,155.4,1015.7,25.4,9.9,198.3,16.9,7,10,2025-03-13T07:18:24,2025-03-13T19:08:23,0.48,Partially cloudy,Clearing in the afternoon.,partly-cloudy-day,"KITH,72515594761,USW00004725,USW00094761,72515004725,KBGM,F2977"
"42.0955,-75.9179",2025-03-14,62.2,32.9,46.8,62.2,27.5,44.2,29.8,54.1,0,0,0,,0,0,21.3,10.4,164.1,1017.5,0,9.9,166.8,14.3,7,10,2025-03-14T07:16:42,2025-03-14T19:09:32,0.5,Clear,Clear conditions throughout the day.,clear-day,"KITH,72515594761,USW00004725,USW00094761,72515004725,KBGM,F2977"
"42.0955,-75.9179",2025-03-15,57.8,41.2,48.2,57.8,34.9,44.6,39,71.1,0,0,0,,0,0,32.2,15.4,174.5,1013.6,16,9.9,150.6,13.1,7,10,2025-03-15T07:14:59,2025-03-15T19:10:41,0.55,Clear,Clear conditions throughout the day.,clear-day,"KITH,72515594761,USW00004725,USW00094761,72515004725,F1524,KBGM,F2977"
"42.0955,-75.9179",2025-03-16,64.4,48.1,54.9,64.4,43.8,54.4,50.6,85.9,0.989,100,33.33,rain,0,0,47.9,21,179.3,1007.7,99.7,9,59.1,5.1,4,10,2025-03-16T07:13:17,2025-03-16T19:11:50,0.58,"Rain, Overcast",Cloudy skies throughout the day with rain.,rain,"KITH,99999964758,72515594761,USW00004725,USW00094761,72515004725,F1524,KBGM,F2977"
"42.0955,-75.9179",2025-03-17,48.9,25.9,35.7,47.9,16.4,28.1,32.4,87.7,0.081,100,20.83,"rain,snow",0.1,0,27.5,15.9,335.9,1013.9,95.5,8.6,50.8,4.4,2,10,2025-03-17T07:11:34,2025-03-17T19:12:58,0.61,"Snow, Rain, Overcast",Cloudy skies throughout the day with rain or snow clearing later.,snow,"KITH,72515594761,USW00004725,USW00094761,72515004725,F1524,KBGM,F2977"
"42.0955,-75.9179",2025-03-18,56.2,21.7,37.5,56.2,13.2,34.2,20.6,57.2,0,0,0,,0,0,20.4,10.3,218.5,1019,0,9.9,184.3,16,7,10,2025-03-18T07:09:51,2025-03-18T19:14:07,0.64,Clear,Clear conditions throughout the day.,clear-day,"KITH,99999964758,72515594761,KN03,USW00004725,USW00094761,72515004725,F1524,KBGM,F2977"
"42.0955,-75.9179",2025-03-19,69.2,42.4,55.2,69.2,38.1,53.9,24.4,31.4,0.001,100,4.17,rain,0,0,32.6,19.7,175,1013.2,0,9.9,155,13.3,8,10,2025-03-19T07:08:07,2025-03-19T19:15:15,0.68,Rain,Clear conditions throughout the day with afternoon rain.,rain,"KITH,99999964758,KN03,72515594761,USW00004725,USW00094761,72515004725,F1524,KBGM,F2977"
"42.0955,-75.9179",2025-03-20,66.6,41,52.8,66.6,34.3,50.7,31.3,46.4,0.071,100,20.83,rain,0,0,36.4,20.5,194.3,1002.5,31.3,9.8,155.5,13.4,8,10,2025-03-20T07:06:24,2025-03-20T19:16:23,0.71,"Rain, Partially cloudy",Becoming cloudy in the afternoon with late afternoon rain.,rain,"KITH,72515594761,USW00004725,USW00094761,72515004725,KBGM,F2977"
"42.0955,-75.9179",2025-03-21,40,26,33.1,36.9,13.4,24.3,17.2,54.8,0.011,100,4.17,snow,0,0,39.1,19.7,315.5,1008.3,44.7,9.8,204.7,17.6,8,10,2025-03-21T07:04:41,2025-03-21T19:17:31,0.74,"Snow, Partially cloudy",Clearing in the afternoon with early morning snow.,rain,"KITH,99999964758,72515594761,KN03,USW00004725,USW00094761,72515004725,F1524,KBGM,F2977"
"42.0955,-75.9179",2025-03-22,51.3,25.1,37.6,51.3,12.3,30.6,20.9,52.6,0.022,100,4.17,"rain,snow",0.1,0,42.2,21.8,258.6,1007,54.7,9.6,73.4,6.4,5,10,2025-03-22T07:02:57,2025-03-22T19:18:38,0.75,"Snow, Rain, Partially cloudy",Partly cloudy throughout the day with afternoon rain or snow.,snow,"KITH,72515594761,USW00004725,USW00094761,72515004725,F1524,KBGM,F2977"
"42.0955,-75.9179",2025-03-23,35.8,19.2,27,32.3,7.7,18.6,10.5,51.6,0,0,0,snow,0,0,27.5,13.9,327.5,1019.4,44.6,9.7,182,15.8,8,10,2025-03-23T07:01:14,2025-03-23T19:19:46,0.81,Partially cloudy,Clearing in the afternoon.,partly-cloudy-day,"KITH,72515594761,USW00004725,USW00094761,72515004725,F1524,KBGM,F2977"
"42.0955,-75.9179",2025-03-24,53.4,33.4,40.3,53.4,26.2,34.1,28.5,65.5,0,0,0,"rain,snow",0.1,0,40.8,20.5,177.5,1007.7,96.5,9.9,81.9,7.1,7,10,2025-03-24T06:59:30,2025-03-24T19:20:54,0.84,Overcast,Cloudy skies throughout the day.,cloudy,"KITH,72515594761,USW00004725,USW00094761,72515004725,F1524,KBGM,F2977"
"42.0955,-75.9179",2025-03-25,42.1,32,36.1,34.3,24.4,28.5,21.3,55.4,0,0,0,snow,0,0,31.3,17.2,270,1010.9,70.7,9.9,126.9,10.9,6,10,2025-03-25T06:57:47,2025-03-25T19:22:01,0.88,Partially cloudy,Partly cloudy throughout the day.,partly-cloudy-day,"KITH,72515594761,USW00004725,USW00094761,72515004725,F1524,KBGM,F2977"
"42.0955,-75.9179",2025-03-26,34.1,26.1,29,30.7,18.1,22.8,22.1,75.5,0.098,100,20.83,snow,1.6,0.1,32.4,12.9,287.6,1017.4,73.2,7.7,138.3,12,10,10,2025-03-26T06:56:03,2025-03-26T19:23:08,0.91,"Snow, Partially cloudy",Partly cloudy throughout the day with snow.,snow,"KITH,72515594761,USW00004725,USW00094761,72515004725,F1524,KBGM,F2977"
"42.0955,-75.9179",2025-03-27,45,21.7,33.6,40.9,14.2,26.7,14.8,49.7,0,0,0,snow,0.4,1.2,27.7,13.8,279,1022.4,31.6,9.9,248.7,21.4,8,10,2025-03-27T06:54:20,2025-03-27T19:24:16,0.94,Partially cloudy,Partly cloudy throughout the day.,partly-cloudy-day,"KITH,72515594761,USW00004725,USW00094761,72515004725,F1524,KBGM,F2977"
"42.0955,-75.9179",2025-03-28,50.2,35.9,42.7,50.2,32.4,38.9,27.7,56.4,0.012,100,4.17,rain,0,0.1,22.8,10.3,222.7,1019.5,64.8,9.9,96.7,8.2,5,10,2025-03-28T06:52:37,2025-03-28T19:25:23,0.97,"Rain, Partially cloudy",Partly cloudy throughout the day with late afternoon rain.,rain,"KITH,72515594761,USW00004725,USW00094761,72515004725,F1524,KBGM,F2977"
"42.0955,-75.9179",2025-03-29,62.1,46.3,52.5,62.1,41.8,51.1,48,85.5,0.255,100,33.33,rain,0,0,36.2,17,247.4,1014.1,88.9,7.2,41.3,3.8,2,10,2025-03-29T06:50:54,2025-03-29T19:26:30,0,"Rain, Partially cloudy",Partly cloudy throughout the day with rain.,rain,"KITH,72515594761,USW00004725,USW00094761,72515004725,F1524,KBGM,F2977"
"42.0955,-75.9179",2025-03-30,59.5,45.1,52.4,59.5,39.6,50.7,46.9,82.9,0.012,100,12.5,rain,0,0,28.4,14.8,147.8,1013.9,77.8,8.4,116.4,10.1,5,10,2025-03-30T06:49:11,2025-03-30T19:27:37,0.04,"Rain, Partially cloudy",Partly cloudy throughout the day with rain.,rain,"KITH,99999964758,72515594761,KN03,USW00004725,USW00094761,72515004725,F1524,KBGM,F2977"
"42.0955,-75.9179",2025-03-31,66.5,38.8,55.9,66.5,32,54.9,47.2,73.9,0.011,100,4.17,rain,0,0,39.1,20.4,237.8,1003.7,88,9.9,105,9.1,8,10,2025-03-31T06:47:28,2025-03-31T19:28:44,0.08,"Rain, Partially cloudy",Partly cloudy throughout the day with morning rain.,rain,"KITH,72515594761,USW00004725,USW00094761,72515004725,F1524,KBGM,F2977"
"42.0955,-75.9179",2025-04-01,39,27,32.1,31.7,15.5,22.6,19.2,61.5,0,0,0,"rain,snow",0,0,33.3,18.6,332.4,1017.1,61.5,9.9,127.1,11.1,8,10,2025-04-01T06:45:46,2025-04-01T19:29:51,0.11,Partially cloudy,Partly cloudy throughout the day.,partly-cloudy-day,"KITH,72515594761,USW00004725,USW00094761,72515004725,F1524,KBGM,F2977"
"42.0955,-75.9179",2025-04-02,45,23.2,33.8,38.9,15.9,26.7,19.3,57.1,0.063,100,16.67,rain,0,0,33.1,16.1,142.7,1026.3,56.7,9.8,90.8,7.8,5,10,2025-04-02T06:44:04,2025-04-02T19:30:58,0.14,"Rain, Partially cloudy",Partly cloudy throughout the day with rain.,rain,"KITH,99999964758,72515594761,KN03,USW00004725,USW00094761,72515004725,F1524,KBGM,F2977"
"42.0955,-75.9179",2025-04-03,71.7,40,54.7,71.7,32.1,51.9,46.3,75.1,0.051,100,12.5,rain,0,0,31.1,18.1,205.4,1014.7,87.9,9.8,110,9.4,4,10,2025-04-03T06:42:22,2025-04-03T19:32:05,0.18,"Rain, Partially cloudy",Partly cloudy throughout the day with morning rain.,rain,"KITH,72515594761,USW00004725,USW00094761,72515004725,F1524,KBGM,F2977"
"42.0955,-75.9179",2025-04-04,58.9,41,48.1,58.9,34.4,45.5,31.1,52.5,0,0,0,rain,0,0,22.8,14.9,337.6,1023.2,43.2,9.9,194.3,16.7,7,10,2025-04-04T06:40:40,2025-04-04T19:33:12,0.25,Partially cloudy,Clearing in the afternoon.,partly-cloudy-day,"KITH,72515594761,USW00004725,USW00094761,72515004725,F1524,KBGM,F2977"
"42.0955,-75.9179",2025-04-05,46.3,41,43.6,42.7,34,37.9,37.9,81.6,0.743,100,45.83,rain,0,0,31,17.8,153.8,1019.5,92.7,8,19.3,1.5,1,10,2025-04-05T06:38:59,2025-04-05T19:34:18,0.25,"Rain, Overcast",Cloudy skies throughout the day with rain.,rain,"KITH,72515594761,USW00004725,USW00094761,72515004725,F1524,KBGM,F2977"
"42.0955,-75.9179",2025-04-06,46.2,35.1,40.1,44.4,28.6,34.5,31.3,73.3,0.047,100,29.17,"rain,ice",0,0,29.8,13.8,328,1012.5,95.2,8.1,117.8,10.3,7,10,2025-04-06T06:37:19,2025-04-06T19:35:25,0.28,"Rain, Ice, Overcast",Cloudy skies throughout the day with rain clearing later.,rain,"KITH,72515594761,USW00004725,USW00094761,72515004725,F1524,KBGM,F2977"
"42.0955,-75.9179",2025-04-07,38.3,28.3,33.8,34.3,21.9,29.6,26.6,75.2,0.031,100,8.33,"rain,snow",0.8,0.1,16.8,11.2,191.1,1008.5,89.4,9.3,72.5,6.2,3,10,2025-04-07T06:35:38,2025-04-07T19:36:32,0.32,"Snow, Rain, Partially cloudy",Partly cloudy throughout the day with rain or snow.,snow,"KITH,72515594761,USW00004725,USW00094761,72515004725,F1524,KBGM,F2977"
"42.0955,-75.9179",2025-04-08,34.1,23.1,26.7,27.9,8.3,14.6,15.4,63,0.013,100,8.33,snow,0.8,0.2,36.7,25,296.5,1008.5,90.9,8.3,115,10,5,10,2025-04-08T06:33:59,2025-04-08T19:37:39,0.35,"Snow, Overcast",Cloudy skies throughout the day with early morning snow.,snow,"KITH,72515594761,USW00004725,USW00094761,72515004725,F1524,KBGM,F2977"
"42.0955,-75.9179",2025-04-09,39.8,19,29.1,39.8,11,22,11.4,51,0,0,0,,0,0,23.7,13.1,296.7,1022.6,47.1,9.4,270.2,23.3,9,10,2025-04-09T06:32:19,2025-04-09T19:38:46,0.38,Partially cloudy,Clearing in the afternoon.,partly-cloudy-day,"KITH,72515594761,USW00004725,USW00094761,72515004725,F1524,KBGM,F2977"
"42.0955,-75.9179",2025-04-10,39,28.1,33.9,32.8,20.3,26.6,24.7,71.1,0.262,100,41.67,"rain,snow",0.1,0,28.6,13,133.8,1023.2,88,8.5,44.9,3.8,2,10,2025-04-10T06:30:41,2025-04-10T19:39:53,0.42,"Snow, Rain, Partially cloudy",Partly cloudy throughout the day with rain or snow.,snow,"KITH,99999964758,72515594761,KN03,USW00004725,USW00094761,72515004725,F1524,KBGM,F2977"
"42.0955,-75.9179",2025-04-11,43.9,33.3,37.6,38.5,24.2,31.5,33,83.8,0.004,100,16.67,"rain,snow",0,0,22.8,12.6,145.9,1019.3,100,9.8,80.5,6.9,3,10,2025-04-11T06:29:02,2025-04-11T19:41:00,0.45,"Snow, Rain, Overcast",Cloudy skies throughout the day with rain or snow.,rain,"KITH,72515594761,USW00004725,USW00094761,72515004725,F1524,KBGM,F2977"
"42.0955,-75.9179",2025-04-12,39.9,33.4,37.3,35.9,28.3,31.9,35.5,93.4,0.461,100,87.5,rain,0.4,0.1,21.5,12.6,23.4,1016.9,100,7.4,62,5.4,2,10,2025-04-12T06:27:25,2025-04-12T19:42:06,0.5,"Rain, Overcast",Cloudy skies throughout the day with a chance of rain or snow throughout the day.,snow,"KITH,72515594761,USW00004725,USW00094761,72515004725,F1524,KBGM,F2977"
"42.0955,-75.9179",2025-04-13,52.2,35.2,43.3,52.2,28,38.9,32.9,70.2,0,0,0,rain,0,0,28.4,17,335.1,1015.2,67.8,9.2,114.2,9.9,5,10,2025-04-13T06:25:48,2025-04-13T19:43:13,0.52,Partially cloudy,Partly cloudy throughout the day.,partly-cloudy-day,"KITH,72515594761,USW00004725,USW00094761,72515004725,F1524,KBGM"
"42.0955,-75.9179",2025-04-14,59.3,36.8,47.8,59.3,32.1,46.1,32.2,56.5,0.011,100,4.17,rain,0,0,23.7,11.5,200.6,1009.4,32.4,9.9,161.7,13.8,8,10,2025-04-14T06:24:11,2025-04-14T19:44:20,0.56,"Rain, Partially cloudy",Partly cloudy throughout the day with morning rain.,rain,"KITH,72515594761,USW00004725,USW00094761,72515004725,F1524,KBGM"
"42.0955,-75.9179",2025-04-15,55.8,35.9,46.7,55.8,26.5,42.4,37,70.3,0.184,100,25,"rain,snow",0,0,41.5,22.6,261.2,1000,80.5,9.8,189.6,16.2,8,10,2025-04-15T06:22:36,2025-04-15T19:45:27,0.59,"Snow, Rain, Partially cloudy",Partly cloudy throughout the day with rain or snow.,rain,"KITH,99999964758,72515594761,KN03,USW00004725,USW00094761,72515004725,F1524,KBGM,F2977"
"42.0955,-75.9179",2025-04-16,35.9,30,33.2,26.8,19.5,23.7,27.9,80.7,0.05,100,41.67,snow,0.5,0.1,36.9,19.5,293.3,1008.3,100,8.1,55.2,4.6,3,10,2025-04-16T06:21:01,2025-04-16T19:46:34,0.62,"Snow, Overcast",Cloudy skies throughout the day with a chance of snow throughout the day.,snow,"KITH,72515594761,USW00004725,USW00094761,72515004725,F1524,KBGM,F2977"
"42.0955,-75.9179",2025-04-17,51.2,30.7,40.9,51.2,24.1,36.2,21.6,50.5,0,0,0,,0,0,24.2,13.8,312,1020.5,16.4,9.9,283.6,24.3,9,10,2025-04-17T06:19:27,2025-04-17T19:47:41,0.66,Clear,Clear conditions throughout the day.,clear-day,"KITH,99999964758,72515594761,KN03,USW00004725,USW00094761,72515004725,F1524,KBGM,F2977"
"42.0955,-75.9179",2025-04-18,66.8,34.9,53.1,66.8,30,51.6,28.5,40,0,0,0,,0,0,34.3,16.1,178.8,1018.4,27.8,9.9,158.7,13.7,8,10,2025-04-18T06:17:53,2025-04-18T19:48:48,0.69,Partially cloudy,Partly cloudy throughout the day.,partly-cloudy-day,"KITH,99999964758,KN03,72515594761,USW00004725,72515004725,F1524,KBGM,F2977"
"42.0955,-75.9179",2025-04-19,74,56.9,64.6,74,56.9,64.6,51.2,62.9,0.101,100,8.33,rain,0,0,36,19.3,231.3,1012.8,61.8,9.9,108.8,9.5,5,10,2025-04-19T06:16:21,2025-04-19T19:49:54,0.72,"Rain, Partially cloudy",Partly cloudy throughout the day with afternoon rain.,rain,"KITH,99999964758,KN03,72515594761,USW00004725,USW00094761,72515004725,F1524,KBGM,F2977"
"42.0955,-75.9179",2025-04-20,53.8,38,45.1,53.8,28.8,40.6,31.2,59.9,0,0,0,rain,0,0,33.3,18.6,333.8,1026.1,44.4,9.9,240,20.7,9,10,2025-04-20T06:14:49,2025-04-20T19:51:01,0.75,Partially cloudy,Partly cloudy throughout the day.,partly-cloudy-day,"KITH,99999964758,KN03,USW00004725,72515004725,F1524,KBGM,F2977"
"42.0955,-75.9179",2025-04-21,60.3,35,48.8,60.3,29.2,46.6,28.8,46.6,0.012,100,4.17,rain,0,0,32.1,20.7,163.2,1020.6,55.2,9.9,139.4,12,10,10,2025-04-21T06:13:18,2025-04-21T19:52:08,0.79,"Rain, Partially cloudy",Partly cloudy throughout the day with late afternoon rain.,rain,"KITH,99999964758,KN03,USW00004725,72515004725,F1524,KBGM,F2977"
"42.0955,-75.9179",2025-04-22,64.9,47.8,54.6,64.9,44.7,54,39.5,60.5,0.039,100,4.17,rain,0,0,27.5,17,281.5,1015.6,39.5,9.8,254.8,22.2,9,10,2025-04-22T06:11:48,2025-04-22T19:53:15,0.83,"Rain, Partially cloudy",Clearing in the afternoon with early morning rain.,rain,"KITH,99999964758,KN03,USW00004725,72515004725,F1524,KBGM,F2977"
"42.0955,-75.9179",2025-04-23,66.8,41.7,53.9,66.8,37.3,52.8,35,50.3,0,0,0,,0,0,22.7,14.6,328.4,1023.2,1.2,9.9,267.8,23,9,10,2025-04-23T06:10:19,2025-04-23T19:54:22,0.86,Clear,Clear conditions throughout the day.,clear-day,"KITH,99999964758,KN03,72515594761,USW00004725,USW00094761,72515004725,F1524,KBGM,F2977"
"42.0955,-75.9179",2025-04-24,76,47,62.5,76,44.3,62.1,41.6,48.5,0.012,100,4.17,rain,0,0,27.7,10.1,165.2,1022.9,36.1,9.9,277.3,23.8,10,10,2025-04-24T06:08:51,2025-04-24T19:55:28,0.89,"Rain, Partially cloudy",Partly cloudy throughout the day with late afternoon rain.,rain,"KITH,99999964758,KN03,72515594761,USW00004725,USW00094761,72515004725,F1524,KBGM,F2977"
"42.0955,-75.9179",2025-04-25,74.1,56.8,63.2,74.1,56.8,63.2,44.3,52.9,0.07,100,8.33,rain,0,0,32,16.9,191.8,1019.3,46.4,9.5,156.2,13.6,6,10,2025-04-25T06:07:24,2025-04-25T19:56:35,0.93,"Rain, Partially cloudy",Becoming cloudy in the afternoon with late afternoon rain.,rain,"KITH,99999964758,KN03,72515594761,USW00004725,USW00094761,72515004725,F1524,KBGM,F2977"
"42.0955,-75.9179",2025-04-26,65,41,55.6,65,34.3,54.1,51.1,85.6,0.701,100,41.67,rain,0,0,39.2,22.6,268,1009.3,97.7,8.2,88,7.7,4,10,2025-04-26T06:05:58,2025-04-26T19:57:41,0.96,"Rain, Overcast",Cloudy skies throughout the day with a chance of rain throughout the day.,rain,"KITH,99999964758,KN03,72515594761,USW00004725,USW00094761,72515004725,F1524,KBGM,F2977"
"42.0955,-75.9179",2025-04-27,56,37.1,45.3,56,28.6,40.2,31.1,62.5,0.044,100,12.5,rain,0,0,38.2,24.8,323.9,1017.3,62.9,9.4,159.6,13.8,10,10,2025-04-27T06:04:33,2025-04-27T19:58:48,0,"Rain, Partially cloudy",Partly cloudy throughout the day with rain clearing later.,rain,"KITH,99999964758,KN03,72515594761,USW00004725,USW00094761,72515004725,F1524,KBGM,F2977"
"42.0955,-75.9179",2025-04-28,69.2,41.8,55.7,69.2,38.1,54.3,27.6,37.1,0,0,0,,0,0,17,8.8,260.1,1024.9,0,9.9,275.4,23.9,9,10,2025-04-28T06:03:09,2025-04-28T19:59:54,0.03,Clear,Clear conditions throughout the day.,clear-day,"KITH,99999964758,KN03,USW00004725,72515004725,F1524,KBGM,F2977"
"42.0955,-75.9179",2025-04-29,80.2,53,65.4,80,53,65.4,43.3,47.1,0.239,100,16.67,rain,0,0,37.5,19.7,211.5,1015.1,14,9.9,254.5,21.9,9,10,2025-04-29T06:01:46,2025-04-29T20:01:01,0.06,Rain,Clear conditions throughout the day with late afternoon rain.,rain,"KITH,99999964758,KN03,72515594761,USW00004725,USW00094761,72515004725,F1524,KBGM"
"42.0955,-75.9179",2025-04-30,60.9,38.1,48.2,60.9,30.5,45,36.8,67.1,0.001,100,4.17,rain,0,0,32.2,15,330.5,1018,49.3,9.9,225.7,19.5,10,10,2025-04-30T06:00:24,2025-04-30T20:02:07,0.1,"Rain, Partially cloudy",Partly cloudy throughout the day with early morning rain.,rain,"KITH,99999964758,72515594761,KN03,USW00004725,USW00094761,72515004725,F1524,KBGM,F2977"
"42.0955,-75.9179",2025-05-01,74.2,42.1,58,74.2,39.1,57.1,37.6,49.3,0.086,100,4.17,rain,0,0,24.2,13,159.2,1017,38.2,9.8,269.5,23.3,9,10,2025-05-01T05:59:04,2025-05-01T20:03:13,0.13,"Rain, Partially cloudy",Partly cloudy throughout the day with late afternoon rain.,rain,"KITH,72515594761,USW00004725,USW00094761,72515004725,F1524,KBGM"
"42.0955,-75.9179",2025-05-02,72,54.1,62.3,72,54.1,62.3,54,76.4,0.476,100,33.33,rain,0,0,32.2,16,223.8,1010.1,80.7,9.8,163,14,10,10,2025-05-02T05:57:45,2025-05-02T20:04:18,0.16,"Rain, Partially cloudy",Partly cloudy throughout the day with rain.,rain,"KITH,72515594761,USW00004725,USW00094761,72515004725,F1524,KBGM,F2977"
"42.0955,-75.9179",2025-05-03,59.7,51.8,55.3,59.7,51.8,55.3,54.2,96,0.604,100,50,rain,0,0,26.2,10.3,359,1011.8,76,5.9,72.5,6.2,5,10,2025-05-03T05:56:27,2025-05-03T20:05:24,0.2,"Rain, Partially cloudy",Partly cloudy throughout the day with rain.,rain,"KITH,99999964758,72515594761,KN03,USW00004725,USW00094761,72515004725,F1524,KBGM,F2977"
"42.0955,-75.9179",2025-05-04,57.6,51,54.4,57.6,51,54.4,54,98.5,0.336,100,62.5,rain,0,0,17.2,9,52.9,1013.1,80,4.6,51.8,4.4,2,10,2025-05-04T05:55:10,2025-05-04T20:06:29,0.25,"Rain, Partially cloudy",Becoming cloudy in the afternoon with a chance of rain throughout the day.,rain,"KITH,99999964758,72515594761,USW00004725,USW00094761,72515004725,KBGM,F2977"
"42.0955,-75.9179",2025-05-05,64.4,55.1,59.1,64.4,55.1,59.1,56.6,91.9,0.253,100,29.17,rain,0,0,28,15.7,110.1,1017.3,95.4,7.7,107.2,9.3,6,10,2025-05-05T05:53:55,2025-05-05T20:07:34,0.26,"Rain, Overcast",Cloudy skies throughout the day with rain.,rain,"KITH,72515594761,USW00004725,USW00094761,72515004725,KBGM,F2977"
"42.0955,-75.9179",2025-05-06,67.1,51.1,56.9,67.1,51.1,56.9,54.4,92.1,1.049,100,50,rain,0,0,34.4,16,137,1014.9,96.9,8.3,49.8,4.4,3,30,2025-05-06T05:52:41,2025-05-06T20:08:39,0.3,"Rain, Overcast",Cloudy skies throughout the day with a chance of rain throughout the day.,rain,"KITH,F8458,99999964758,F3025,72515594761,KN03,USW00004725,USW00094761,72515004725,KBGM"
"42.0955,-75.9179",2025-05-07,65.9,47.9,55.4,65.9,44.8,54.8,50.7,85.5,0.081,100,20.83,rain,0,0,23.5,11.5,256.6,1014.4,91.9,9.4,104.3,8.9,5,10,2025-05-07T05:51:29,2025-05-07T20:09:44,0.33,"Rain, Overcast",Cloudy skies throughout the day with rain clearing later.,rain,"F8458,KITH,99999964758,KN03,72515594761,USW00004725,USW00094761,72515004725,KBGM"
"42.0955,-75.9179",2025-05-08,56.8,43.1,51,56.8,38.4,49.4,46.9,86.3,0,0,0,rain,0,0,22.1,13.7,334,1018.1,95.5,9.1,115.2,10,5,10,2025-05-08T05:50:17,2025-05-08T20:10:48,0.36,Overcast,Cloudy skies throughout the day.,cloudy,"F8458,KITH,99999964758,72515594761,USW00004725,USW00094761,72515004725,KBGM"
"42.0955,-75.9179",2025-05-09,44.9,41,42.6,40,34.9,37.3,41.4,95.3,0.399,100,79.17,rain,0,0,23.3,11.4,341.3,1016.6,100,8.4,55.6,5,2,10,2025-05-09T05:49:08,2025-05-09T20:11:52,0.4,"Rain, Overcast",Cloudy skies throughout the day with a chance of rain throughout the day.,rain,"F8458,KITH,99999964758,72515594761,USW00004725,USW00094761,72515004725,KBGM"
"42.0955,-75.9179",2025-05-10,65.1,41,52.5,65.1,35.5,50.3,34.8,57.5,0.023,100,8.33,rain,0,0,28.9,17.1,316.6,1016.8,38,9.9,302.8,26,9,10,2025-05-10T05:48:00,2025-05-10T20:12:56,0.43,"Rain, Partially cloudy",Clearing in the afternoon with early morning rain.,rain,"F8458,KITH,72515594761,USW00004725,USW00094761,72515004725,F1524,KBGM"
"42.0955,-75.9179",2025-05-11,61.8,45.8,54,61.8,40.7,52.9,31.5,45.3,0,0,0,,0,0,21.9,12.9,329.7,1024.7,2,9.9,320.9,27.8,10,10,2025-05-11T05:46:53,2025-05-11T20:13:59,0.47,Clear,Clear conditions throughout the day.,clear-day,"F8458,KITH,99999964758,KN03,72515594761,USW00004725,USW00094761,72515004725,F1524,KBGM"
"42.0955,-75.9179",2025-05-12,76.1,42,61.1,76.1,40.1,60.4,39,45.5,0,0,0,,0,0,19,13.7,200.7,1023.8,0,9.9,308.7,26.6,9,10,2025-05-12T05:45:48,2025-05-12T20:15:02,0.5,Clear,Clear conditions throughout the day.,clear-day,"KITH,F8458,72515594761,USW00004725,USW00094761,72515004725,F1524,KBGM"
"42.0955,-75.9179",2025-05-13,65.9,57.7,61.7,65.9,57.7,61.7,54,76.7,0.074,100,16.67,rain,0,0,29.8,16.8,142.1,1019.8,58.5,9.4,96.3,8.2,3,10,2025-05-13T05:44:45,2025-05-13T20:16:04,0.53,"Rain, Partially cloudy",Partly cloudy throughout the day with afternoon rain.,rain,"KITH,F8458,72515594761,USW00004725,USW00094761,72515004725,F1524,KBGM"
"42.0955,-75.9179",2025-05-14,61.2,57.1,58.4,61.2,57.1,58.4,55.5,90.1,0.138,100,29.17,rain,0,0,29,14.9,130.9,1016.6,99.6,9,72.3,6.2,3,10,2025-05-14T05:43:43,2025-05-14T20:17:06,0.57,"Rain, Overcast",Cloudy skies throughout the day with a chance of rain throughout the day.,rain,"F8458,KITH,72515594761,USW00004725,USW00094761,72515004725,F1524,KBGM"
"42.0955,-75.9179",2025-05-15,74,57.9,63.2,74,57.9,63.2,58.9,86.7,0.671,100,16.67,rain,0,0,19.7,11,169.8,1011.4,78.5,8.8,217.9,18.7,10,30,2025-05-15T05:42:43,2025-05-15T20:18:07,0.6,"Rain, Partially cloudy",Partly cloudy throughout the day with rain.,rain,"F8458,KITH,72515594761,USW00004725,USW00094761,72515004725,KBGM"
"42.0955,-75.9179",2025-05-16,76.1,58,66.3,76.1,58,66.3,61.5,85.7,0.061,100,8.33,rain,0,0,29.1,10.2,195.8,1006.1,34.2,8.3,202.9,17.6,10,30,2025-05-16T05:41:44,2025-05-16T20:19:07,0.64,"Rain, Partially cloudy",Partly cloudy throughout the day with morning rain.,rain,"F8458,KITH,99999964758,72515594761,KN03,USW00004725,USW00094761,72515004725,F1524,KBGM"
"42.0955,-75.9179",2025-05-17,74.1,54,64.6,74.1,54,64.6,57,78.2,0.086,100,25,rain,0,0,38.6,22.7,234.1,1000.1,50,9.9,202.6,17.5,9,10,2025-05-17T05:40:47,2025-05-17T20:20:07,0.67,"Rain, Partially cloudy",Partly cloudy throughout the day with rain.,rain,"F8458,KITH,72515594761,USW00004725,USW00094761,72515004725,F1524,KBGM"
"42.0955,-75.9179",2025-05-18,57.8,48,52.9,57.8,41.4,52.2,48.3,84.8,0.033,100,20.83,rain,0,0,35.7,19.5,280.7,1003.6,100,9,52.2,4.6,2,10,2025-05-18T05:39:52,2025-05-18T20:21:07,0.71,"Rain, Overcast",Cloudy skies throughout the day with rain.,rain,"KITH,F8458,72515594761,USW00004725,USW00094761,72515004725,F1524,KBGM"
"42.0955,-75.9179",2025-05-19,52.9,39.8,46.3,52.9,35.7,41.8,38.3,74.9,0,0,0,rain,0,0,30,18.2,332.1,1012.7,65.5,9.6,227.5,19.6,10,10,2025-05-19T05:38:59,2025-05-19T20:22:05,0.74,Partially cloudy,Partly cloudy throughout the day.,partly-cloudy-day,"F8458,KITH,72515594761,USW00004725,USW00094761,72515004725,F1524,KBGM"
"42.0955,-75.9179",2025-05-20,53.1,37,44.1,53.1,29.5,40,36.2,74.5,0,0,0,,0,0,25.3,16.1,356.8,1016.5,61.7,9.9,173,14.9,6,10,2025-05-20T05:38:07,2025-05-20T20:23:03,0.75,Partially cloudy,Partly cloudy throughout the day.,partly-cloudy-day,"KITH,F8458,72515594761,USW00004725,USW00094761,72515004725,F1524,KBGM,F2977"
"42.0955,-75.9179",2025-05-21,48.9,42.1,45.7,45.9,36.6,40.4,42.9,90.1,0.491,100,45.83,rain,0,0,25.3,16.9,135.3,1012.9,66.2,8.3,57.5,4.9,3,10,2025-05-21T05:37:18,2025-05-21T20:24:00,0.81,"Rain, Partially cloudy",Partly cloudy throughout the day with rain.,rain,"KITH,99999964758,72515594761,KN03,USW00004725,USW00094761,72515004725,F1524,KBGM,F2977"
"42.0955,-75.9179",2025-05-22,47.2,42.3,44.6,42.5,34.5,38.4,43.1,94.8,0.301,100,70.83,rain,0,0,26.3,17.1,136.7,1008.6,100,8.5,78.7,6.9,3,10,2025-05-22T05:36:30,2025-05-22T20:24:57,0.85,"Rain, Overcast",Cloudy skies throughout the day with a chance of rain throughout the day.,rain,"KITH,72515594761,USW00004725,USW00094761,72515004725,F1524,KBGM,F2977"
"42.0955,-75.9179",2025-05-23,53,44.1,46.7,53,38.9,43.3,43.3,88.6,0.256,100,54.17,rain,0,0,27.7,13.9,277.2,1008.7,92,8,124.8,10.7,9,10,2025-05-23T05:35:44,2025-05-23T20:25:52,0.88,"Rain, Overcast",Cloudy skies throughout the day with a chance of rain throughout the day.,rain,"KITH,72515594761,USW00004725,USW00094761,72515004725,F1524,KBGM,F2977"
"42.0955,-75.9179",2025-05-24,50,43.2,45.9,50,37.5,41.3,43.6,91.6,0.23,100,79.17,rain,0,0,33.3,16.9,287.5,1014.4,99.7,8.3,84.1,7.5,4,10,2025-05-24T05:35:00,2025-05-24T20:26:47,0.91,"Rain, Overcast",Cloudy skies throughout the day with a chance of rain throughout the day.,rain,"KITH,72515594761,USW00004725,USW00094761,72515004725,KBGM,F2977"
"42.0955,-75.9179",2025-05-25,57.8,45,49.4,57.8,39.8,47.2,44.1,83.1,0.102,100,29.17,rain,0,0,25.7,16,307.5,1020.2,95.4,9.6,111,9.5,4,10,2025-05-25T05:34:17,2025-05-25T20:27:40,0.95,"Rain, Overcast",Cloudy skies throughout the day with rain.,rain,"KITH,72515594761,USW00004725,USW00094761,72515004725,F1524,KBGM,F2977"
"42.0955,-75.9179",2025-05-26,65.1,42.1,53.4,65.1,38.5,52.5,44,73.6,0,0,0,,0,0,17.2,9.3,329.9,1024,54.4,9.3,292.3,25.1,10,10,2025-05-26T05:33:37,2025-05-26T20:28:33,0,Partially cloudy,Partly cloudy throughout the day.,partly-cloudy-day,"KITH,72515594761,USW00004725,USW00094761,72515004725,F1524,KBGM,F2977"
"42.0955,-75.9179",2025-05-27,68.2,46.1,58.5,68.2,45.8,58.4,44.2,62.2,0,0,0,rain,0,0,12.5,8.1,171,1026.6,2.3,9.9,229.3,20,7,10,2025-05-27T05:32:59,2025-05-27T20:29:25,0.02,Clear,Clear conditions throughout the day.,clear-day,"KITH,72515594761,USW00004725,USW00094761,72515004725,F1524,KBGM,F2977"
"42.0955,-75.9179",2025-05-28,60.3,49.9,54.7,60.3,49.9,54.7,48.2,79.6,0.073,100,41.67,rain,0,0,24.6,10.3,152.3,1024,46.8,9.8,144.5,12.5,7,10,2025-05-28T05:32:23,2025-05-28T20:30:15,0.05,"Rain, Partially cloudy",Becoming cloudy in the afternoon with rain.,rain,"KITH,72515594761,USW00004725,USW00094761,72515004725,F1524,KBGM"
"42.0955,-75.9179",2025-05-29,66.8,51.3,57.5,66.8,51.3,57.5,52.6,85.2,0.073,100,25,rain,0,0,19.5,9.1,199.6,1016.2,98.1,7.8,131.3,11.4,6,10,2025-05-29T05:31:48,2025-05-29T20:31:05,0.08,"Rain, Overcast",Cloudy skies throughout the day with rain clearing later.,rain,"KITH,72515594761,USW00004725,USW00094761,72515004725,F1524,KBGM,F2977"
"42.0955,-75.9179",2025-05-30,68.3,53,61.2,68.3,53,61.2,51,70.3,0,0,0,rain,0,0,17.4,10.2,259.5,1004.4,76.4,9.9,223.3,19.1,10,10,2025-05-30T05:31:16,2025-05-30T20:31:53,0.12,Partially cloudy,Partly cloudy throughout the day.,partly-cloudy-day,"KITH,99999964758,72515594761,KN03,USW00004725,USW00094761,72515004725,F1524,KBGM,F2977"
"42.0955,-75.9179",2025-05-31,57.8,43.2,48.7,57.8,36.6,45.7,46.7,92.9,0.63,100,75,rain,0,0,33.3,18.3,299.7,995.5,99.7,7.1,38.4,3.3,1,10,2025-05-31T05:30:45,2025-05-31T20:32:40,0.15,"Rain, Overcast",Cloudy skies throughout the day with a chance of rain throughout the day.,rain,"KITH,72515594761,USW00004725,USW00094761,72515004725,F1524,KBGM,F2977"
"42.0955,-75.9179",2025-06-01,55.1,42.3,47.6,55.1,37.9,44.7,40.2,77.1,0.014,100,16.67,rain,0,0,32.7,12.8,290.3,1005.8,99.1,9.9,120.3,10.5,6,10,2025-06-01T05:30:17,2025-06-01T20:33:26,0.18,"Rain, Overcast",Cloudy skies throughout the day with rain.,rain,"KITH,72515594761,USW00004725,USW00094761,72515004725,F1524,KBGM,F2977"
"42.0955,-75.9179",2025-06-02,66.9,42.9,55.2,66.9,39.5,54.4,38,58.3,0.001,100,4.17,rain,0,0,19.7,12.6,279.8,1014.9,25.8,9.9,311.1,26.9,9,10,2025-06-02T05:29:51,2025-06-02T20:34:10,0.25,"Rain, Partially cloudy",Partly cloudy throughout the day with early morning rain.,rain,"KITH,99999964758,72515594761,KN03,USW00004725,USW00094761,72515004725,F1524,KBGM,F2977"
"42.0955,-75.9179",2025-06-03,75.1,47.8,62.4,75.1,46.7,62.3,42.6,49.8,0,0,0,,0,0,19.7,9,232.2,1020,4.3,9.9,257.6,22.2,8,10,2025-06-03T05:29:27,2025-06-03T20:34:53,0.25,Clear,Clear conditions throughout the day.,clear-day,"KITH,72515594761,USW00004725,USW00094761,72515004725,F1524,KBGM,F2977"
"42.0955,-75.9179",2025-06-04,85,59.1,72.3,84.1,59.1,72.2,53.4,52.2,0,0,0,,0,0,19.7,10.2,210.8,1019.8,6.9,9.9,314.5,27.3,9,10,2025-06-04T05:29:05,2025-06-04T20:35:35,0.28,Clear,Clear conditions throughout the day.,clear-day,"KITH,72515594761,USW00004725,USW00094761,72515004725,F1524,KBGM"
"42.0955,-75.9179",2025-06-05,84,64.2,74,84.1,64.2,74.1,60.8,65.6,0.829,100,20.83,rain,0,0,34.2,19.3,251.4,1016.9,28.1,9.8,302.8,26.3,9,30,2025-06-05T05:28:44,2025-06-05T20:36:15,0.31,"Rain, Partially cloudy",Clearing in the afternoon with late afternoon rain.,rain,"KITH,72515594761,USW00004725,USW00094761,72515004725,F1524,KBGM"
"42.0955,-75.9179",2025-06-06,69.3,61.1,64.9,69.3,61.1,64.9,63.1,94,0.109,100,33.33,rain,0,0,15.2,6.8,67.9,1013.9,84.7,6.8,105.4,9.2,4,30,2025-06-06T05:28:27,2025-06-06T20:36:54,0.35,"Rain, Partially cloudy",Partly cloudy throughout the day with a chance of rain throughout the day.,rain,"KITH,72515594761,USW00004725,USW00094761,72515004725,F1524,KBGM"
"42.0955,-75.9179",2025-06-07,73.2,61.9,66,73.2,61.9,66,59.6,82,0.343,100,41.67,rain,0,0,22.6,12.6,3.2,1009,57.7,5.9,147,12.9,7,10,2025-06-07T05:28:11,2025-06-07T20:37:32,0.38,"Rain, Partially cloudy",Partly cloudy throughout the day with a chance of rain throughout the day.,rain,"KITH,72515594761,USW00004725,USW00094761,72515004725,F1524,KBGM"
"42.0955,-75.9179",2025-06-08,73.3,53.7,63.5,73.3,53.7,63.5,54.6,74,0.164,100,16.67,rain,0,0,23,16.6,113.4,1010,29.2,6.4,191.3,16.6,9,10,2025-06-08T05:27:57,2025-06-08T20:38:07,0.41,"Rain, Partially cloudy",Partly cloudy throughout the day with late afternoon rain.,rain,"KITH,72515594761,USW00004725,USW00094761,72515004725,F1524,KBGM"
"42.0955,-75.9179",2025-06-09,73.3,57.1,63.5,73.3,57.1,63.5,59.3,87,0.153,100,37.5,rain,0,0,29.8,14.6,146.9,1009.7,78.9,9,136.8,12.1,4,10,2025-06-09T05:27:45,2025-06-09T20:38:41,0.45,"Rain, Partially cloudy",Partly cloudy throughout the day with rain.,rain,"KITH,72515594761,USW00004725,USW00094761,72515004725,F1524,KBGM"
"42.0955,-75.9179",2025-06-10,74.8,61.1,65.6,74.8,61.1,65.6,57,76,0.196,100,41.67,rain,0,0,24.8,15.8,244.5,1010.5,70.4,8.1,226.9,19.6,10,10,2025-06-10T05:27:35,2025-06-10T20:39:14,0.48,"Rain, Partially cloudy",Partly cloudy throughout the day with a chance of rain throughout the day.,rain,"KITH,72515594761,USW00004725,USW00094761,72515004725,F1524,KBGM"
"42.0955,-75.9179",2025-06-11,76,55.2,65.7,76,55.2,65.7,52,62.2,0,0,0,rain,0,0,24.8,13.7,235.6,1016.6,16.8,9.9,272.8,23.5,9,10,2025-06-11T05:27:28,2025-06-11T20:39:45,0.5,Clear,Clear conditions throughout the day.,clear-day,"KITH,72515594761,USW00004725,USW00094761,72515004725,F1524,KBGM"
"42.0955,-75.9179",2025-06-12,72.9,58.8,67.3,72.9,58.8,67.3,51.4,57.8,0.03,100,4.17,rain,0,0,22.6,12.6,298.4,1017.4,5.9,9.2,264.2,22.8,9,10,2025-06-12T05:27:22,2025-06-12T20:40:14,0.55,Rain,Clear conditions throughout the day with afternoon rain.,rain,"KITH,72515594761,USW00004725,USW00094761,72515004725,F1524,KBGM"
"42.0955,-75.9179",2025-06-13,71.9,55.1,62.9,71.9,55.1,62.9,47.5,58,0.075,100,4.17,rain,0,0,10.7,9,49.3,1020.2,37,9.9,241.6,20.8,9,10,2025-06-13T05:27:19,2025-06-13T20:40:41,0.58,"Rain, Partially cloudy",Partly cloudy throughout the day with late afternoon rain.,rain,"KITH,72515594761,USW00004725,USW00094761,72515004725,F1524,KBGM"
"42.0955,-75.9179",2025-06-14,62.2,56,59.1,62.2,56,59.1,57.1,93.2,0.097,100,16.67,rain,0,0,15,7.8,92.2,1018.8,95.4,6.6,44.8,3.9,2,10,2025-06-14T05:27:18,2025-06-14T20:41:07,0.62,"Rain, Overcast",Cloudy skies throughout the day with rain clearing later.,rain,"KITH,72515594761,USW00004725,USW00094761,72515004725,F1524,KBGM"
"42.0955,-75.9179",2025-06-15,66.1,57.1,61.1,66.1,57.1,61.1,56.9,86.4,0,0,0,rain,0,0,15.2,8,154.2,1020.5,100,9.8,121.3,10.4,6,10,2025-06-15T05:27:18,2025-06-15T20:41:31,0.65,Overcast,Cloudy skies throughout the day.,cloudy,"KITH,72515594761,USW00004725,USW00094761,72515004725,F1524,KBGM"
"42.0955,-75.9179",2025-06-16,63.2,58,60.5,63.2,58,60.5,57.7,90.5,0.092,100,20.83,rain,0,0,19.7,11.5,145.5,1019.7,96.9,8.5,74.7,6.5,3,10,2025-06-16T05:27:21,2025-06-16T20:41:53,0.69,"Rain, Overcast",Cloudy skies throughout the day with rain.,rain,"KITH,72515594761,USW00004725,USW00094761,72515004725,F1524,KBGM"
"42.0955,-75.9179",2025-06-17,68.3,59,63.5,68.3,59,63.5,61.7,93.9,0.011,100,4.17,rain,0,0,20.8,9.3,172.8,1015.5,99.9,8.4,61.2,5.2,2,10,2025-06-17T05:27:26,2025-06-17T20:42:13,0.72,"Rain, Overcast",Cloudy skies throughout the day with early morning rain.,rain,"KITH,72515594761,USW00004725,USW00094761,72515004725,F1524,KBGM"
"42.0955,-75.9179",2025-06-18,81.2,65.1,71.5,84.4,65.1,71.8,66.3,84.9,0.145,100,29.17,rain,0,0,17,10,212.4,1011.8,70.5,8.8,160.9,14.1,6,30,2025-06-18T05:27:32,2025-06-18T20:42:31,0.75,"Rain, Partially cloudy",Partly cloudy throughout the day with rain.,rain,"KITH,99999964758,72515594761,KN03,USW00004725,USW00094761,72515004725,F1524,KBGM"
"42.0955,-75.9179",2025-06-19,80.1,62.1,72.3,82,62.1,72.4,64.3,77.4,0.237,100,20.83,rain,0,0,44.9,17.1,228.1,1007.3,41.8,9.9,218,18.7,10,30,2025-06-19T05:27:41,2025-06-19T20:42:47,0.8,"Rain, Partially cloudy",Partly cloudy throughout the day with rain.,rain,"KITH,72515594761,USW00004725,USW00094761,72515004725,F1524,KBGM"
"42.0955,-75.9179",2025-06-20,75,57.1,65.8,75,57.1,65.8,55.6,71,0,0,0,rain,0,0,30,17.9,293.4,1012.4,59.8,9.7,259.9,22.5,10,10,2025-06-20T05:27:52,2025-06-20T20:43:01,0.83,Partially cloudy,Partly cloudy throughout the day.,partly-cloudy-day,"KITH,99999964758,72515594761,USW00004725,USW00094761,72515004725,F1524,KBGM"
"42.0955,-75.9179",2025-06-21,82.2,61.8,71.9,83.7,61.8,72.1,60.5,68.6,0,0,0,rain,0,0,20.8,12.5,235.1,1018.6,35.4,9.9,259.3,22.5,9,30,2025-06-21T05:28:04,2025-06-21T20:43:13,0.87,Partially cloudy,Partly cloudy throughout the day.,partly-cloudy-day,"KITH,72515594761,USW00004725,USW00094761,72515004725,F1524,KBGM"
"42.0955,-75.9179",2025-06-22,84.9,66.9,75.1,94.2,66.9,77.1,68.7,81.2,1.351,100,29.17,rain,0,0,25.3,14.6,228.5,1017,55.9,8.3,107.3,9.2,8,60,2025-06-22T05:28:19,2025-06-22T20:43:24,0.9,"Rain, Partially cloudy",Partly cloudy throughout the day with rain in the morning and afternoon.,rain,"KITH,72515594761,USW00004725,USW00094761,72515004725,F1524,KBGM"
"42.0955,-75.9179",2025-06-23,91.2,70.8,81.7,95.7,70.8,83.9,69.5,69.4,0,0,0,,0,0,17.4,9.4,288.8,1019.5,5.9,9.8,312.8,27,10,100,2025-06-23T05:28:35,2025-06-23T20:43:32,0.94,Clear,Clear conditions throughout the day.,clear-day,"KITH,72515594761,USW00004725,USW00094761,72515004725,F1524,KBGM"
"42.0955,-75.9179",2025-06-24,90.1,71.6,81.5,92.8,71.6,83,66.9,63.1,0,0,0,,0,0,20.6,10.3,294.3,1020.1,5,9.9,296.4,25.8,10,60,2025-06-24T05:28:54,2025-06-24T20:43:38,0.97,Clear,Clear conditions throughout the day.,clear-day,"KITH,72515594761,USW00004725,USW00094761,72515004725,F1524,KBGM"
"42.0955,-75.9179",2025-06-25,84.8,71.8,78.1,87.5,71.8,79.1,66.7,68.8,0,0,0,rain,0,0,20.8,12.6,320.5,1018.9,8.8,9.9,283,24.5,10,30,2025-06-25T05:29:14,2025-06-25T20:43:42,0,Clear,Clear conditions throughout the day.,clear-day,"KITH,72515594761,USW00004725,USW00094761,72515004725,F1524,KBGM"
"42.0955,-75.9179",2025-06-26,70.8,60.4,67.3,70.8,60.4,67.3,63.2,87,0.043,100,12.5,rain,0,0,21.9,11.3,76.3,1018.2,79.6,9.9,118.9,10.2,5,10,2025-06-26T05:29:36,2025-06-26T20:43:44,0.04,"Rain, Partially cloudy",Partly cloudy throughout the day with rain in the morning and afternoon.,rain,"KITH,72515594761,USW00004725,USW00094761,72515004725,F1524,KBGM"
"42.0955,-75.9179",2025-06-27,62.2,57,59.7,62.2,57,59.7,56.5,89.4,0.064,100,16.67,rain,0,0,23,14.7,145.6,1021.5,97.8,7.8,46.2,4.1,2,10,2025-06-27T05:30:00,2025-06-27T20:43:44,0.07,"Rain, Overcast",Cloudy skies throughout the day with rain clearing later.,rain,"KITH,72515594761,USW00004725,USW00094761,72515004725,F1524,KBGM"
"42.0955,-75.9179",2025-06-28,79.3,59.2,68,79.3,59.2,68,62.5,83.4,0,0,0,rain,0,0,29.5,15.8,200,1016.6,69.7,9.8,146.9,12.7,9,30,2025-06-28T05:30:25,2025-06-28T20:43:42,0.1,Partially cloudy,Partly cloudy throughout the day.,partly-cloudy-day,"KITH,72515594761,USW00004725,USW00094761,72515004725,F1524,KBGM"
"42.0955,-75.9179",2025-06-29,78.2,60.1,68.7,78.2,60.1,68.7,57.7,69.6,0,0,0,rain,0,0,16.1,10.1,330.6,1016.8,26.9,9.9,321.8,27.8,9,10,2025-06-29T05:30:52,2025-06-29T20:43:37,0.14,Partially cloudy,Clearing in the afternoon.,partly-cloudy-day,"KITH,72515594761,USW00004725,USW00094761,72515004725,F1524,KBGM"
"42.0955,-75.9179",2025-06-30,83.2,60.9,72.3,86.4,60.9,73.1,63.4,74.7,0.468,100,8.33,rain,0,0,22.4,10.2,178.5,1014.9,17.1,9.7,189.4,16.3,7,30,2025-06-30T05:31:21,2025-06-30T20:43:31,0.17,Rain,Clear conditions throughout the day with late afternoon rain.,rain,"KITH,72515594761,USW00004725,USW00094761,72515004725,F1524,KBGM"
"42.0955,-75.9179",2025-07-01,82.2,69.3,74.1,86.1,69.3,74.7,68.3,82.9,0.011,100,4.17,rain,0,0,21.9,13.8,249.5,1009.7,66.6,9.7,256,22.2,10,30,2025-07-01T05:31:52,2025-07-01T20:43:22,0.2,"Rain, Partially cloudy",Partly cloudy throughout the day with morning rain.,rain,"KITH,72515594761,USW00004725,USW00094761,72515004725,F1524,KBGM"
"42.0955,-75.9179",2025-07-02,79.2,63.9,72.3,79.2,63.9,72.3,59.3,66,0,0,0,,0,0,19.9,10.5,307.6,1012,12.7,9.9,312.3,27,9,10,2025-07-02T05:32:24,2025-07-02T20:43:12,0.25,Clear,Clear conditions throughout the day.,clear-day,"KITH,72515594761,USW00004725,USW00094761,72515004725,F1524,KBGM"
"42.0955,-75.9179",2025-07-03,75.8,59.4,67.2,75.8,59.4,67.2,57.5,71.8,0.635,100,8.33,rain,0,0,26.4,12.8,273.8,1012.3,28.3,9.7,284.3,24.5,10,30,2025-07-03T05:32:57,2025-07-03T20:42:59,0.27,"Rain, Partially cloudy",Partly cloudy throughout the day with afternoon rain.,rain,"KITH,72515594761,USW00004725,USW00094761,72515004725,F1524,KBGM"
"42.0955,-75.9179",2025-07-04,73.2,54.9,64.8,73.2,54.9,64.8,50.3,61.1,0,0,0,,0,0,22.6,11.4,309.4,1019.5,5.4,9.9,320.8,27.7,9,10,2025-07-04T05:33:32,2025-07-04T20:42:44,0.3,Clear,Clear conditions throughout the day.,clear-day,"KITH,72515594761,USW00004725,USW00094761,72515004725,F1524,KBGM"
"42.0955,-75.9179",2025-07-05,83.2,55,70.2,84,55,70.3,56.4,63.9,0,0,0,rain,0,0,19,8.1,158.8,1020.3,4.7,9.8,286.3,24.6,9,10,2025-07-05T05:34:09,2025-07-05T20:42:27,0.33,Clear,Clear conditions throughout the day.,clear-day,"KITH,72515594761,USW00004725,USW00094761,72515004725,F1524,KBGM"
"42.0955,-75.9179",2025-07-06,85,69.4,77,85.7,69.4,77.2,61.4,60.2,0,0,0,,0,0,24.8,15,184,1016.3,20.5,9.9,266.3,23,10,10,2025-07-06T05:34:47,2025-07-06T20:42:07,0.36,Partially cloudy,Clearing in the afternoon.,partly-cloudy-day,"KITH,72515594761,USW00004725,USW00094761,72515004725,F1524,KBGM"
"42.0955,-75.9179",2025-07-07,85.9,67,74.8,89.4,67,75.7,66.3,76.5,0.334,100,8.33,rain,0,0,34.8,13.4,189.2,1014.2,17.5,9.6,195.8,17,8,30,2025-07-07T05:35:27,2025-07-07T20:41:46,0.4,Rain,Clear conditions throughout the day with late afternoon rain.,rain,"KITH,99999964758,72515594761,KN03,USW00004725,USW00094761,72515004725,F1524,KBGM"
"42.0955,-75.9179",2025-07-08,78,66.9,71.4,78,66.9,71.4,67.1,86.8,0.113,100,4.17,rain,0,0,19,9,331.9,1016.4,83.5,9.3,202.4,17.4,10,10,2025-07-08T05:36:07,2025-07-08T20:41:23,0.43,"Rain, Partially cloudy",Partly cloudy throughout the day with morning rain.,rain,"KITH,72515594761,USW00004725,USW00094761,72515004725,F1524,KBGM"
"42.0955,-75.9179",2025-07-09,77.1,64.1,70.5,77.1,64.1,70.5,62.5,77.3,0,0,0,,0,0,11.6,8.8,316.8,1016.8,60.9,9.8,192.8,16.7,7,10,2025-07-09T05:36:49,2025-07-09T20:40:57,0.46,Partially cloudy,Partly cloudy throughout the day.,partly-cloudy-day,"KITH,72515594761,USW00004725,USW00094761,72515004725,F1524,KBGM"
"42.0955,-75.9179",2025-07-10,79.1,64.1,72.1,79.1,64.1,72.1,64.6,78.3,0.011,100,4.17,rain,0,0,13.2,7.8,155.4,1014.7,26.2,9.2,232.8,20.1,10,30,2025-07-10T05:37:33,2025-07-10T20:40:30,0.5,"Rain, Partially cloudy",Partly cloudy throughout the day with afternoon rain.,rain,"KITH,72515594761,USW00004725,USW00094761,72515004725,F1524,KBGM"
"42.0955,-75.9179",2025-07-11,84,64.9,75.5,85.9,64.9,76.2,65.6,73.4,0,0,0,rain,0,0,17.2,9.1,231.9,1015.8,27.9,9.4,269.1,23.3,10,30,2025-07-11T05:38:17,2025-07-11T20:40:00,0.53,Partially cloudy,Becoming cloudy in the afternoon.,partly-cloudy-day,"KITH,72515594761,USW00004725,USW00094761,72515004725,F1524,KBGM"
"42.0955,-75.9179",2025-07-12,83.3,70,75.6,85.9,70,76.5,68.5,79.6,0.04,100,12.5,rain,0,0,19.7,11.2,187.8,1017.1,44.2,9.8,224.5,19.4,10,30,2025-07-12T05:39:03,2025-07-12T20:39:28,0.56,"Rain, Partially cloudy",Becoming cloudy in the afternoon with rain.,rain,"KITH,72515594761,USW00004725,USW00094761,72515004725,F1524,KBGM"
"42.0955,-75.9179",2025-07-13,82,68.1,73.8,86,68.1,74.2,68.8,85.2,2.171,100,25,rain,0,0,30,12.3,176.6,1016.8,64.8,9,141.6,12.4,7,60,2025-07-13T05:39:50,2025-07-13T20:38:54,0.6,"Rain, Partially cloudy",Partly cloudy throughout the day with rain.,rain,"KITH,72515594761,USW00004725,USW00094761,72515004725,F1524,KBGM"
"42.0955,-75.9179",2025-07-14,79.2,67,71.6,79.2,67,71.6,67.7,88.3,0.132,100,8.33,rain,0,0,16.3,6.9,216.2,1017.3,69.4,9.3,125.6,10.9,6,60,2025-07-14T05:40:38,2025-07-14T20:38:19,0.64,"Rain, Partially cloudy",Partly cloudy throughout the day with early morning rain.,rain,"KITH,72515594761,USW00004725,USW00094761,72515004725,F1524,KBGM"
"42.0955,-75.9179",2025-07-15,83.1,65.1,73.9,84.1,65.1,74.1,64.4,75.5,0,0,0,rain,0,0,11.4,8,33.6,1018.8,39.1,7.6,256.2,22.2,10,10,2025-07-15T05:41:27,2025-07-15T20:37:41,0.67,Partially cloudy,Clearing in the afternoon.,partly-cloudy-day,"KITH,99999964758,72515594761,KN03,USW00004725,USW00094761,72515004725,F1524,KBGM"
"42.0955,-75.9179",2025-07-16,85,65.9,76.7,88.5,65.9,77.9,66.9,72.9,0.014,100,4.17,rain,0,0,19.5,9.1,190.9,1015.8,21.6,9.5,225.8,19.5,9,60,2025-07-16T05:42:17,2025-07-16T20:37:01,0.71,"Rain, Partially cloudy",Becoming cloudy in the afternoon with late afternoon rain.,rain,"KITH,72515594761,USW00004725,USW00094761,72515004725,F1524,KBGM"
"42.0955,-75.9179",2025-07-17,82.3,70.1,75.3,85.3,70.1,75.9,67.3,77.3,0.023,100,8.33,rain,0,0,38.1,19.8,248.5,1010.6,73,9.9,127.5,11.2,5,30,2025-07-17T05:43:08,2025-07-17T20:36:19,0.75,"Rain, Partially cloudy",Partly cloudy throughout the day with rain.,rain,"KITH,99999964758,72515594761,KN03,USW00004725,USW00094761,72515004725,F1524,KBGM"
"42.0955,-75.9179",2025-07-18,71.9,56.1,64.8,71.9,56.1,64.8,53,67,0.001,100,4.17,rain,0,0,33.3,16.9,336,1018.9,45.3,9.9,239.1,20.7,10,10,2025-07-18T05:43:59,2025-07-18T20:35:36,0.78,"Rain, Partially cloudy",Partly cloudy throughout the day with morning rain.,rain,"KITH,72515594761,USW00004725,USW00094761,72515004725,F1524,KBGM"
"42.0955,-75.9179",2025-07-19,77.3,55,67,77.3,55,67,58.2,74.2,0,0,0,rain,0,0,21,10,165.9,1017.9,34.3,9.9,250.7,21.5,10,10,2025-07-19T05:44:52,2025-07-19T20:34:50,0.82,Partially cloudy,Partly cloudy throughout the day.,partly-cloudy-day,"KITH,72515594761,USW00004725,USW00094761,72515004725,F1524,KBGM"
"42.0955,-75.9179",2025-07-20,79.1,66.6,72.2,79.1,66.6,72.2,65.5,80.2,0,0,0,rain,0,0,33.3,17.8,285,1010.9,69.1,9.5,168.5,14.4,7,30,2025-07-20T05:45:46,2025-07-20T20:34:02,0.85,Partially cloudy,Partly cloudy throughout the day.,partly-cloudy-day,"KITH,72515594761,USW00004725,USW00094761,72515004725,F1524,KBGM"
"42.0955,-75.9179",2025-07-21,70,57.5,64.9,70,57.5,64.9,54.1,70.4,0,0,0,rain,0,0,28.9,14.8,329.9,1014.9,31.5,9.9,239.2,20.8,10,10,2025-07-21T05:46:40,2025-07-21T20:33:13,0.89,Partially cloudy,Partly cloudy throughout the day.,partly-cloudy-day,"KITH,72515594761,USW00004725,USW00094761,72515004725,F1524,KBGM"
"42.0955,-75.9179",2025-07-22,73.2,51,62.6,73.2,51,62.6,48.5,63.1,0,0,0,,0,0,11.4,8.9,44.6,1021.2,6.5,9.9,333.7,29,10,10,2025-07-22T05:47:35,2025-07-22T20:32:22,0.92,Clear,Clear conditions throughout the day.,clear-day,"KITH,72515594761,USW00004725,USW00094761,72515004725,F1524,KBGM"
"42.0955,-75.9179",2025-07-23,81,53.8,68.2,81.1,53.8,68.2,55.4,65.8,0,0,0,rain,0,0,21.5,9.2,188,1022.9,8.7,9.9,303.5,26.3,10,10,2025-07-23T05:48:30,2025-07-23T20:31:28,0.96,Clear,Clear conditions throughout the day.,clear-day,"KITH,72515594761,USW00004725,USW00094761,72515004725,F1524,KBGM"
"42.0955,-75.9179",2025-07-24,86.3,66,76.2,89,66,77.2,65.5,70.7,0,0,0,,0,0,24.8,12.5,213,1019.2,14.1,9.9,257.3,22.1,10,10,2025-07-24T05:49:27,2025-07-24T20:30:34,0,Clear,Clear conditions throughout the day.,clear-day,"KITH,72515594761,USW00004725,USW00094761,72515004725,F1524,KBGM"
"42.0955,-75.9179",2025-07-25,79.9,70.8,75.5,79.9,70.8,75.5,68.6,79.7,0.477,100,12.5,rain,0,0,34,13.6,294.3,1015.5,36.5,9.7,148.7,12.8,9,30,2025-07-25T05:50:24,2025-07-25T20:29:37,0.03,"Rain, Partially cloudy",Partly cloudy throughout the day with afternoon rain.,rain,"KITH,72515594761,USW00004725,USW00094761,72515004725,F1524,KBGM"
"42.0955,-75.9179",2025-07-26,82.2,65.8,72.2,84.4,65.8,72.5,66.5,83.4,0.013,100,4.17,rain,0,0,17.4,10.4,172,1018.8,52.4,9.7,174.3,15.1,8,10,2025-07-26T05:51:21,2025-07-26T20:28:38,0.06,"Rain, Partially cloudy",Partly cloudy throughout the day with late afternoon rain.,rain,"KITH,72515594761,USW00004725,USW00094761,72515004725,F1524,KBGM"
"42.0955,-75.9179",2025-07-27,83.1,71.1,74.8,85.7,71.1,75.5,69.1,83.4,0.167,100,33.33,rain,0,0,31.1,15.9,262.5,1015.4,71.5,9.6,127.5,11.1,6,30,2025-07-27T05:52:19,2025-07-27T20:27:38,0.09,"Rain, Partially cloudy",Partly cloudy throughout the day with a chance of rain throughout the day.,rain,"KITH,72515594761,USW00004725,USW00094761,72515004725,F1524,KBGM"
"42.0955,-75.9179",2025-07-28,86.1,67.9,76.8,88.9,67.9,77.8,66.7,72.8,0,0,0,,0,0,13.9,7.9,312.4,1017.4,29.8,9.3,245.8,21.2,9,30,2025-07-28T05:53:18,2025-07-28T20:26:36,0.12,Partially cloudy,Partly cloudy throughout the day.,partly-cloudy-day,"KITH,72515594761,USW00004725,USW00094761,72515004725,F1524,KBGM"
"42.0955,-75.9179",2025-07-29,87.2,69.9,78.6,88.8,69.9,79.5,67.2,70.2,0,0,0,rain,0,0,17.2,9.2,316.2,1017.2,2.3,9.9,294.7,25.5,9,30,2025-07-29T05:54:17,2025-07-29T20:25:33,0.16,Clear,Clear conditions throughout the day.,clear-day,"KITH,72515594761,USW00004725,USW00094761,72515004725,F1524,KBGM"
"42.0955,-75.9179",2025-07-30,87.2,67.9,77.2,86.2,67.9,77.2,62.5,62.8,0,0,0,,0,0,16.3,11.2,351.8,1016.7,18.9,9.9,287.2,24.8,9,10,2025-07-30T05:55:16,2025-07-30T20:24:28,0.19,Clear,Clear conditions throughout the day.,clear-day,"KITH,72515594761,USW00004725,USW00094761,72515004725,F1524,KBGM"
"42.0955,-75.9179",2025-07-31,72.9,57,62.9,72.9,57,62.9,59,87.9,0.604,100,50,rain,0,0,29.8,13.5,35.3,1018.5,95.2,6.6,36.5,3,1,10,2025-07-31T05:56:16,2025-07-31T20:23:21,0.22,"Rain, Overcast",Cloudy skies throughout the day with rain in the morning and afternoon.,rain,"KITH,72515594761,USW00004725,USW00094761,72515004725,F1524,KBGM"
"42.0955,-75.9179",2025-08-01,71.8,52.9,61.9,71.8,52.9,61.9,49.5,66.9,0,0,0,,0,0,19.7,12.5,9.7,1023.7,33.2,9.9,245.1,21,9,10,2025-08-01T05:57:16,2025-08-01T20:22:13,0.25,Partially cloudy,Becoming cloudy in the afternoon.,partly-cloudy-day,"KITH,72515594761,USW00004725,USW00094761,72515004725,F1524,KBGM"
"42.0955,-75.9179",2025-08-02,72,51.8,62.4,72,51.8,62.4,47,59.3,0,0,0,,0,0,18.3,12.3,9.7,1025.4,0.1,9.9,292.3,25.4,9,10,2025-08-02T05:58:17,2025-08-02T20:21:03,0.29,Clear,Clear conditions throughout the day.,clear-day,"KITH,72515594761,USW00004725,USW00094761,72515004725,F1524,KBGM"
"42.0955,-75.9179",2025-08-03,77.1,52,66.3,77.1,52,66.3,49.2,57.3,0,0,0,rain,0,0,10.1,5.9,277.7,1022.5,0,9.2,287.4,24.8,9,10,2025-08-03T05:59:17,2025-08-03T20:19:52,0.32,Clear,Clear conditions throughout the day.,clear-day,"KITH,72515594761,USW00004725,USW00094761,72515004725,F1524,KBGM"
"42.0955,-75.9179",2025-08-04,79.1,56.8,69,79.1,56.8,69,54.9,62.8,0,0,0,,0,0,13.2,8.1,327.2,1022.2,1.1,7,260.7,22.6,8,10,2025-08-04T06:00:19,2025-08-04T20:18:39,0.35,Clear,Clear conditions throughout the day.,clear-day,"KITH,72515594761,USW00004725,USW00094761,72515004725,F1524,KBGM"
"42.0955,-75.9179",2025-08-05,82.3,57.8,70.5,81.3,57.8,70.4,55.4,62.8,0,0,0,,0,0,12.8,7.9,92,1025.8,6,6.8,260.9,22.4,9,10,2025-08-05T06:01:20,2025-08-05T20:17:25,0.38,Clear,Clear conditions throughout the day.,clear-day,"KITH,72515594761,USW00004725,USW00094761,72515004725,F1524,KBGM"
"42.0955,-75.9179",2025-08-06,74.3,62.8,69.1,74.3,62.8,69.1,60.3,74.4,0,0,0,rain,0,0,17.2,10.2,145.4,1028.8,4.8,6.6,162.8,14.3,7,10,2025-08-06T06:02:21,2025-08-06T20:16:09,0.41,Clear,Clear conditions throughout the day.,clear-day,"KITH,72515594761,USW00004725,USW00094761,72515004725,F1524,KBGM"
"42.0955,-75.9179",2025-08-07,78.4,60.1,68.9,78.4,60.1,68.9,57.9,70.9,0,0,0,rain,0,0,15.9,8.9,171.9,1027.3,27.5,5.6,237.8,20.6,8,10,2025-08-07T06:03:23,2025-08-07T20:14:52,0.45,Partially cloudy,Partly cloudy throughout the day.,partly-cloudy-day,"KITH,72515594761,USW00004725,USW00094761,72515004725,F1524,KBGM"
"42.0955,-75.9179",2025-08-08,79.3,61.2,70.3,79.3,61.2,70.3,57.7,66.5,0,0,0,rain,0,0,15,10.2,169.9,1024.2,21,8.6,252.4,21.8,8,10,2025-08-08T06:04:25,2025-08-08T20:13:34,0.48,Partially cloudy,Partly cloudy throughout the day.,partly-cloudy-day,"KITH,72515594761,USW00004725,USW00094761,72515004725,F1524,KBGM"
"42.0955,-75.9179",2025-08-09,81.2,59,71.3,80.7,59,71.2,53.6,55.3,0,0,0,,0,0,14.1,8.1,188.3,1023.4,0,9.9,287.4,24.7,9,10,2025-08-09T06:05:27,2025-08-09T20:12:14,0.5,Clear,Clear conditions throughout the day.,clear-day,"KITH,72515594761,USW00004725,USW00094761,72515004725,F1524,KBGM"
"42.0955,-75.9179",2025-08-10,84.2,62,73.4,82.5,62,73.1,53.4,51.7,0,0,0,,0,0,17.2,9,193.3,1023.5,0,9.9,254.5,22.1,9,10,2025-08-10T06:06:30,2025-08-10T20:10:53,0.55,Clear,Clear conditions throughout the day.,clear-day,"KITH,72515594761,USW00004725,USW00094761,72515004725,F1524,KBGM"
"42.0955,-75.9179",2025-08-11,85.1,61.7,74,83,61.7,73.5,53,50,0,0,0,,0,0,17.9,9.2,193.7,1022,0,9.9,293.3,25.2,9,10,2025-08-11T06:07:32,2025-08-11T20:09:31,0.58,Clear,Clear conditions throughout the day.,clear-day,"KITH,72515594761,USW00004725,USW00094761,72515004725,F1524,KBGM"
"42.0955,-75.9179",2025-08-12,90.1,64.1,77.4,89.8,64.1,77.5,60.9,59.3,0,0,0,,0,0,13.6,9,209.9,1017.3,12.3,9.9,264.5,22.8,9,30,2025-08-12T06:08:35,2025-08-12T20:08:08,0.62,Clear,Clear conditions throughout the day.,clear-day,"KITH,72515594761,USW00004725,USW00094761,72515004725,F1524,KBGM"
"42.0955,-75.9179",2025-08-13,83.5,70,75.4,85.4,70,75.7,67.2,76.8,0.338,100,16.67,rain,0,0,22.1,12.2,244.6,1012.3,37.2,9.8,180.9,15.6,10,30,2025-08-13T06:09:37,2025-08-13T20:06:44,0.66,"Rain, Partially cloudy",Partly cloudy throughout the day with rain.,rain,"KITH,72515594761,USW00004725,USW00094761,72515004725,F1524,KBGM"
"42.0955,-75.9179",2025-08-14,83.9,65.8,73.3,84.1,65.8,73.5,63.9,75.4,0,0,0,rain,0,0,17.2,13.7,345.8,1014.8,24.7,7.3,224.8,19.4,9,30,2025-08-14T06:10:40,2025-08-14T20:05:18,0.69,Partially cloudy,Partly cloudy throughout the day.,partly-cloudy-day,"KITH,72515594761,USW00004725,USW00094761,72515004725,F1524,KBGM"
"42.0955,-75.9179",2025-08-15,83.1,60.9,72.1,82,60.9,72,55.5,58.5,0,0,0,,0,0,11.6,8.9,55.7,1021.1,26.5,9.8,220.7,19.1,8,10,2025-08-15T06:11:43,2025-08-15T20:03:51,0.73,Partially cloudy,Clearing in the afternoon.,partly-cloudy-day,"KITH,72515594761,USW00004725,USW00094761,72515004725,F1524,KBGM"
"42.0955,-75.9179",2025-08-16,87.2,65.7,76.2,86.2,65.7,76,59.7,59.5,0,0,0,rain,0,0,19,10.2,224.9,1019,35.6,9.9,228.8,19.9,9,30,2025-08-16T06:12:45,2025-08-16T20:02:24,0.75,Partially cloudy,Becoming cloudy in the afternoon.,partly-cloudy-day,"KITH,72515594761,USW00004725,USW00094761,72515004725,F1524,KBGM"
"42.0955,-75.9179",2025-08-17,80.2,62.9,71.9,80.8,62.9,72,63.2,76.2,0,0,0,rain,0,0,21.9,14.7,322.2,1014,24.8,9.4,176.8,15.4,8,10,2025-08-17T06:13:48,2025-08-17T20:00:55,0.8,Partially cloudy,Becoming cloudy in the afternoon.,partly-cloudy-day,"KITH,72515594761,USW00004725,USW00094761,72515004725,F1524,KBGM"
"42.0955,-75.9179",2025-08-18,74,56,63.9,74,56,63.9,46.9,57.9,0,0,0,,0,0,32.2,12.4,41,1020.8,34.3,9.9,294.4,25.7,9,10,2025-08-18T06:14:51,2025-08-18T19:59:25,0.84,Partially cloudy,Clearing in the afternoon.,partly-cloudy-day,"KITH,72515594761,USW00004725,USW00094761,72515004725,F1524,KBGM"
"42.0955,-75.9179",2025-08-19,75.1,55,65.1,75.1,55,65.1,50.7,60.1,0,0,0,,0,0,21.9,11.3,157.4,1021,61.3,9.9,114.5,9.8,9,10,2025-08-19T06:15:54,2025-08-19T19:57:54,0.87,Partially cloudy,Partly cloudy throughout the day.,partly-cloudy-day,"KITH,72515594761,USW00004725,USW00094761,72515004725,F1524,KBGM"
"42.0955,-75.9179",2025-08-20,65.1,56,58.3,65.1,56,58.3,55.8,92.4,1.46,100,75,rain,0,0,24.6,14.5,125.8,1017.1,100,5,32.5,2.8,2,10,2025-08-20T06:16:56,2025-08-20T19:56:22,0.91,"Rain, Overcast",Cloudy skies throughout the day with a chance of rain throughout the day.,rain,"KITH,99999964758,72515594761,KN03,USW00004725,USW00094761,72515004725,F1524,KBGM"
"42.0955,-75.9179",2025-08-21,68.1,54,59.8,68.1,54,59.8,55.7,87.5,0,0,0,rain,0,0,19.9,10.1,55.1,1017.1,68.5,6.4,95.5,8.4,5,10,2025-08-21T06:17:59,2025-08-21T19:54:50,0.94,Partially cloudy,Partly cloudy throughout the day.,partly-cloudy-day,"KITH,99999964758,KN03,72515594761,USW00004725,72515004725,F1524,KBGM"
"42.0955,-75.9179",2025-08-22,75.9,53.2,64.6,75.9,53.2,64.6,54.7,73.4,0,0,0,,0,0,12.3,8.8,275.5,1017.6,16.6,9.1,189.5,16.6,9,10,2025-08-22T06:19:02,2025-08-22T19:53:16,0.98,Clear,Clear conditions throughout the day.,clear-day,"KITH,99999964758,KN03,72515594761,USW00004725,USW00094761,72515004725,F1524,KBGM"
"42.0955,-75.9179",2025-08-23,77.1,60.9,68.6,77.1,60.9,68.6,55.6,64,0,0,0,,0,0,27.5,13.7,193.1,1015.7,14,9.9,177.3,15.4,7,10,2025-08-23T06:20:05,2025-08-23T19:51:42,0,Clear,Clear conditions throughout the day.,clear-day,"KITH,99999964758,KN03,USW00004725,72515004725,F1524,KBGM"
"42.0955,-75.9179",2025-08-24,72.1,62.9,66.8,72.1,62.9,66.8,61,81.7,0.067,100,4.17,rain,0,0,23.9,11.3,192.2,1011.8,80.8,9.6,64.1,5.5,3,30,2025-08-24T06:21:08,2025-08-24T19:50:07,0.05,"Rain, Partially cloudy",Partly cloudy throughout the day with late afternoon rain.,rain,"KITH,99999964758,KN03,72515594761,USW00004725,USW00094761,72515004725,F1524,KBGM"
"42.0955,-75.9179",2025-08-25,71.7,55.1,63.4,71.7,55.1,63.4,54.7,75.9,0.171,100,12.5,rain,0,0,31.1,13.4,280.6,1011.1,58.9,8.4,252.8,21.9,10,10,2025-08-25T06:22:10,2025-08-25T19:48:31,0.08,"Rain, Partially cloudy",Partly cloudy throughout the day with early morning rain.,rain,"KITH,99999964758,KN03,72515594761,USW00004725,USW00094761,72515004725,F1524,KBGM"
"42.0955,-75.9179",2025-08-26,69.1,51,57.4,69.1,51,57.4,49.7,78.3,0.051,100,8.33,rain,0,0,23,11.2,261.9,1016.5,41.9,9.6,213.4,18.5,9,10,2025-08-26T06:23:13,2025-08-26T19:46:54,0.11,"Rain, Partially cloudy",Becoming cloudy in the afternoon with late afternoon rain.,rain,"KITH,99999964758,KN03,USW00004725,72515004725,F1524,KBGM"
"42.0955,-75.9179",2025-08-27,63,48,55.1,63,45.5,54.6,49,81.2,0.183,100,12.5,rain,0,0,23,11.1,304.5,1019.4,29,9.5,127.6,11,8,10,2025-08-27T06:24:16,2025-08-27T19:45:17,0.14,"Rain, Partially cloudy",Partly cloudy throughout the day with rain in the morning and afternoon.,rain,"KITH,99999964758,KN03,USW00004725,72515004725,F1524,KBGM"
"42.0955,-75.9179",2025-08-28,70.1,49.7,59.8,70.1,46.9,59.7,44.9,60.8,0,0,0,rain,0,0,23.3,14.8,227.4,1018.8,10.9,9.9,258.8,22.5,9,10,2025-08-28T06:25:18,2025-08-28T19:43:39,0.17,Clear,Clear conditions throughout the day.,clear-day,"KITH,99999964758,KN03,USW00004725,F1524,KBGM"
"42.0955,-75.9179",2025-08-29,62.1,48.7,56.4,62.1,46.9,56.3,49.3,78.8,0.04,100,12.5,rain,0,0,30.9,13.7,298.7,1016.1,34.9,9.8,121,10.2,5,10,2025-08-29T06:26:21,2025-08-29T19:42:00,0.21,"Rain, Partially cloudy",Partly cloudy throughout the day with early morning rain.,rain,"KITH,KN03,USW00004725,F1524,KBGM"
"42.0955,-75.9179",2025-08-30,63.2,44.8,54.9,63.2,41.4,54.1,43.4,67.1,0,0,0,rain,0,0,29.4,14.4,311.7,1019.3,39.6,9.9,165.3,14.5,7,10,2025-08-30T06:27:23,2025-08-30T19:40:21,0.24,Partially cloudy,Partly cloudy throughout the day.,partly-cloudy-day,"KITH,KN03,F1524,KBGM"
"42.0955,-75.9179",2025-08-31,71.1,45.7,58.3,71.1,43.4,57.9,46.1,66.1,0,0,0,,0,0,17.2,9.7,352.7,1024.2,14.8,9.9,195.5,17.1,10,10,2025-08-31T06:28:26,2025-08-31T19:38:41,0.25,Clear,Clear conditions throughout the day.,clear-day,"KITH,KN03,F1524,KBGM"
"42.0955,-75.9179",2025-09-01,73.2,49.3,60.8,73.2,47.2,60.7,49.3,68.1,0,0,0,,0,0,13,7.7,57.5,1025.4,8.7,9.9,229.8,19.9,9,10,2025-09-01T06:29:28,2025-09-01T19:37:00,0.3,Clear,Clear conditions throughout the day.,clear-day,"KITH,KN03,F1524,KBGM"
"42.0955,-75.9179",2025-09-02,72.1,52.5,62.8,72.1,52.5,62.8,49.7,65,0,0,0,rain,0,0,14.1,11,121,1020.8,16.1,9.9,260.6,22.3,9,10,2025-09-02T06:30:31,2025-09-02T19:35:19,0.34,Clear,Clear conditions throughout the day.,clear-day,"KITH,KN03,USW00004725,F1524,KBGM"
"42.0955,-75.9179",2025-09-03,74.1,51.8,63.9,74.1,51.8,63.9,49.3,60.8,0,0,0,,0,0,19.7,9.1,188.9,1013.5,6.9,9.9,204.7,17.8,9,10,2025-09-03T06:31:33,2025-09-03T19:33:38,0.37,Clear,Clear conditions throughout the day.,clear-day,"KITH,KN03,USW00004725,F1524,KBGM"
"42.0955,-75.9179",2025-09-04,75,56.9,63.2,75,56.9,63.2,55,75.9,0.353,100,16.67,rain,0,0,39.4,17.3,193.2,1008.6,19.6,9.4,160.3,13.7,9,10,2025-09-04T06:32:36,2025-09-04T19:31:55,0.4,Rain,Clear conditions throughout the day with rain.,rain,"KITH,KN03,USW00004725,F1524,KBGM"
"42.0955,-75.9179",2025-09-05,75,52,63.9,75,52,63.9,55.9,78.3,0,0,0,rain,0,0,35.9,19.4,195,1011.4,31.6,7.1,173.3,15.2,8,10,2025-09-05T06:33:38,2025-09-05T19:30:13,0.43,Partially cloudy,Partly cloudy throughout the day.,partly-cloudy-day,"KITH,KN03,USW00004725,USW00094761,F1524,KBGM"
"42.0955,-75.9179",2025-09-06,68.9,56.9,60.6,68.9,56.9,60.6,55.3,83,0.242,100,29.17,rain,0,0,24.8,9.8,296.4,1014.7,35.2,9.1,75.8,6.5,6,10,2025-09-06T06:34:40,2025-09-06T19:28:30,0.46,"Rain, Partially cloudy",Partly cloudy throughout the day with rain in the morning and afternoon.,rain,"KITH,KN03,USW00004725,USW00094761,F1524,KBGM"
"42.0955,-75.9179",2025-09-07,62.9,51,56.8,62.9,51,56.8,47.1,72.4,0,0,0,rain,0,0,22.6,13.6,315.5,1018.5,22,9.2,200.8,17.4,10,10,2025-09-07T06:35:43,2025-09-07T19:26:47,0.5,Partially cloudy,Partly cloudy throughout the day.,partly-cloudy-day,"KITH,KN03,USW00004725,USW00094761,F1524,KBGM"
"42.0955,-75.9179",2025-09-08,64.2,44.5,54.1,64.2,42,53.5,43,67.7,0,0,0,,0,0,17,7.8,321.8,1026,10.3,9.9,225.5,19.4,10,10,2025-09-08T06:36:45,2025-09-08T19:25:03,0.53,Clear,Clear conditions throughout the day.,clear-day,"KITH,KN03,USW00004725,USW00094761,F1524,KBGM"
"42.0955,-75.9179",2025-09-09,69.4,42.1,56.3,69.4,40.4,55.5,44.4,68,0,0,0,,0,0,15,8.1,123.8,1026.6,0.3,9.9,202.5,17.6,8,10,2025-09-09T06:37:48,2025-09-09T19:23:19,0.57,Clear,Clear conditions throughout the day.,clear-day,"KITH,KN03,USW00004725,USW00094761,F1524,KBGM"
"42.0955,-75.9179",2025-09-10,71.2,46,59.2,71.2,43.7,58.9,45.2,62.4,0,0,0,rain,0,0,13.2,6.7,45.2,1023.5,0,9.9,219.4,19,8,10,2025-09-10T06:38:50,2025-09-10T19:21:35,0.6,Clear,Clear conditions throughout the day.,clear-day,"KITH,KN03,USW00004725,USW00094761,F1524,KBGM"
"42.0955,-75.9179",2025-09-11,73.1,47.7,61.4,73.1,47.7,61.4,49.3,66.8,0,0,0,,0,0,22.8,13.7,356.1,1021.7,6.5,9.9,182.3,15.7,9,10,2025-09-11T06:39:52,2025-09-11T19:19:51,0.64,Clear,Clear conditions throughout the day.,clear-day,"KITH,KN03,USW00004725,USW00094761,F1524,KBGM"
"42.0955,-75.9179",2025-09-12,73.1,53.5,62.5,73.1,53.5,62.5,52.4,71.8,0,0,0,,0,0,11.6,7,29.2,1023.2,14.1,9.9,176.7,15.3,8,10,2025-09-12T06:40:55,2025-09-12T19:18:06,0.67,Clear,Clear conditions throughout the day.,clear-day,"KITH,KN03,USW00004725,USW00094761,F1524,KBGM"
"42.0955,-75.9179",2025-09-13,71.1,54.9,62.6,71.1,54.9,62.6,54.1,75.1,0,0,0,rain,0,0,17.2,5.7,17.6,1019.9,31.4,9.9,129.4,11.1,5,10,2025-09-13T06:41:57,2025-09-13T19:16:21,0.71,Partially cloudy,Partly cloudy throughout the day.,partly-cloudy-day,"KITH,KN03,USW00004725,USW00094761,F1524,KBGM"
"42.0955,-75.9179",2025-09-14,74.9,56.8,65.1,74.9,56.8,65.1,55.2,72.1,0,0,0,rain,0,0,18.6,11.1,347.6,1018.8,17.3,9.9,146.6,12.6,8,10,2025-09-14T06:43:00,2025-09-14T19:14:36,0.75,Clear,Clear conditions throughout the day.,clear-day,"KITH,KN03,USW00004725,F1524,KBGM"
"42.0955,-75.9179",2025-09-15,76.9,51.7,63.8,76.9,51.7,63.8,52.7,70.7,0,0,0,,0,0,9.8,7.9,46.4,1023.9,4.5,9.7,203.5,17.6,8,10,2025-09-15T06:44:02,2025-09-15T19:12:51,0.78,Clear,Clear conditions throughout the day.,clear-day,"KITH,KN03,USW00004725,USW00094761,F1524,KBGM"
"42.0955,-75.9179",2025-09-16,75.1,53.7,64.3,75.1,53.7,64.3,53.9,71.5,0,0,0,rain,0,0,15.2,8,94,1023.8,2.4,9.7,168.7,14.6,6,10,2025-09-16T06:45:05,2025-09-16T19:11:05,0.82,Clear,Clear conditions throughout the day.,clear-day,"KITH,KN03,USW00004725,F1524,KBGM"
"42.0955,-75.9179",2025-09-17,70.2,52.1,61.6,70.2,52.1,61.6,49.3,66.9,0,0,0,rain,0,0,12.1,7.8,85.6,1020,2.2,9.9,124.3,10.7,5,10,2025-09-17T06:46:08,2025-09-17T19:09:20,0.85,Clear,Clear conditions throughout the day.,clear-day,"KITH,KN03,USW00004725,F1524,KBGM"
"42.0955,-75.9179",2025-09-18,75.9,51.7,64.5,75.9,51.7,64.5,49.7,63.1,0,0,0,,0,0,18.3,10.1,317.1,1016.1,0.4,9.9,195.6,16.8,8,10,2025-09-18T06:47:11,2025-09-18T19:07:34,0.89,Clear,Clear conditions throughout the day.,clear-day,"KITH,KN03,USW00004725,F1524,KBGM"
"42.0955,-75.9179",2025-09-19,69.2,52.8,61.8,69.2,52.8,61.8,50.9,69.2,0,0,0,,0,0,22.9,13.6,329,1018.1,15.3,9.9,149.5,12.8,8,10,2025-09-19T06:48:14,2025-09-19T19:05:49,0.92,Clear,Clear conditions throughout the day.,clear-day,"KITH,KN03,USW00004725,F1524,KBGM"
"42.0955,-75.9179",2025-09-20,69.2,44.6,56.1,69.2,42.3,55.1,39,57.1,0,0,0,,0,0,12.5,8.9,61.8,1024.3,0,9.9,203.3,17.5,8,10,2025-09-20T06:49:17,2025-09-20T19:04:03,0.96,Clear,Clear conditions throughout the day.,clear-day,"KITH,KN03,USW00004725,F1524,KBGM"
"42.0955,-75.9179",2025-09-21,70.2,49,59.4,70.2,45.1,59.1,47.2,65.4,0,0,0,,0,0,25.3,14.8,168.5,1023.9,13.8,9.9,150.8,13.1,7,10,2025-09-21T06:50:20,2025-09-21T19:02:18,0,Clear,Clear conditions throughout the day.,clear-day,"KITH,KN03,USW00004725,F1524,KBGM"
"42.0955,-75.9179",2025-09-22,74.1,56.1,63.3,74.1,56.1,63.3,54.2,72.7,0,0,0,rain,0,0,23.3,11.3,178.7,1017.7,31.1,9.9,110.8,9.5,6,10,2025-09-22T06:51:23,2025-09-22T19:00:32,0.03,Partially cloudy,Partly cloudy throughout the day.,partly-cloudy-day,"KITH,KN03,USW00004725,USW00094761,F1524,KBGM"
"42.0955,-75.9179",2025-09-23,67,61.1,63.6,67,61.1,63.6,61.4,93,0.437,100,33.33,rain,0,0,17,6.9,185.4,1015.3,42.8,7.6,49,4.2,4,10,2025-09-23T06:52:26,2025-09-23T18:58:47,0.06,"Rain, Partially cloudy",Partly cloudy throughout the day with rain.,rain,"KITH,KN03,USW00004725,F1524,KBGM"
"42.0955,-75.9179",2025-09-24,70.1,61.9,64.9,70.1,61.9,64.9,62.7,93.1,0.245,100,33.33,rain,0,0,16.1,8.1,96.5,1016.4,43.6,6.8,71.7,6.1,3,10,2025-09-24T06:53:30,2025-09-24T18:57:02,0.09,"Rain, Partially cloudy",Partly cloudy throughout the day with rain.,rain,"KITH,KN03,USW00004725,F1524,KBGM"
"42.0955,-75.9179",2025-09-25,68.8,60.2,65,68.8,60.2,65,63.8,96.1,1.071,100,45.83,rain,0,0,25.1,10.1,202.8,1010.2,44.7,4.9,27.7,2.4,2,10,2025-09-25T06:54:34,2025-09-25T18:55:16,0.13,"Rain, Partially cloudy",Clearing in the afternoon with a chance of rain throughout the day.,rain,"KITH,KN03,USW00004725,F1524,KBGM"
"42.0955,-75.9179",2025-09-26,72,59.1,64.1,72,59.1,64.1,58,82.3,0,0,0,rain,0,0,20.8,9.2,301.1,1011.3,31.3,8.8,150.2,13,9,10,2025-09-26T06:55:38,2025-09-26T18:53:31,0.16,Partially cloudy,Clearing in the afternoon.,partly-cloudy-day,"KITH,KN03,USW00004725,F1524,KBGM"
"42.0955,-75.9179",2025-09-27,74,51.2,63.6,74,51.2,63.6,55.8,77.9,0,0,0,rain,0,0,11.9,6.9,204.2,1015.2,6.8,8.8,141.3,12.4,7,10,2025-09-27T06:56:42,2025-09-27T18:51:47,0.19,Clear,Clear conditions throughout the day.,clear-day,"KITH,KN03,USW00004725,F1524,KBGM"
"42.0955,-75.9179",2025-09-28,78.2,58.7,66.6,78.2,58.7,66.6,56.7,72.3,0,0,0,,0,0,21.9,12.8,292.2,1018.2,3.1,9.9,162,14.1,7,10,2025-09-28T06:57:46,2025-09-28T18:50:02,0.22,Clear,Clear conditions throughout the day.,clear-day,"KITH,KN03,USW00004725,F1524,KBGM"
"42.0955,-75.9179",2025-09-29,71.2,49.7,61.5,71.2,49.7,61.5,47.4,63,0,0,0,rain,0,0,7.4,6.8,355,1024.1,0,9.9,121.1,10.5,6,10,2025-09-29T06:58:50,2025-09-29T18:48:18,0.25,Clear,Clear conditions throughout the day.,clear-day,"KITH,KN03,USW00004725,F1524,KBGM"
"42.0955,-75.9179",2025-09-30,74.8,52.6,61.7,74.8,52.6,61.7,47.9,62.5,0,0,0,rain,0,0,21.9,13.1,8,1021.7,0,9.9,171.8,14.9,7,10,2025-09-30T06:59:55,2025-09-30T18:46:34,0.29,Clear,Clear conditions throughout the day.,clear-day,"KITH,KN03,F1524,KBGM"
"42.0955,-75.9179",2025-10-01,64.1,43.1,53,64.1,39.4,51.5,37.7,58.4,0,0,0,,0,0,20.8,12.5,19,1024.4,0,9.9,202.7,17.5,7,10,2025-10-01T07:01:00,2025-10-01T18:44:51,0.32,Clear,Clear conditions throughout the day.,clear-day,"KITH,KN03,F1524,KBGM"
"42.0955,-75.9179",2025-10-02,64.5,38.6,52,64.5,34.4,50.6,38,60.6,0,0,0,,0,0,14.5,10.2,120.5,1029.9,0,9.9,201.8,17.4,7,10,2025-10-02T07:02:05,2025-10-02T18:43:07,0.35,Clear,Clear conditions throughout the day.,clear-day,"KITH,KN03,F1524,KBGM"
"42.0955,-75.9179",2025-10-03,71.5,45.9,58.4,71.5,43.7,58,45.4,64.2,0,0,0,,0,0,16.3,7.7,218,1026.4,0,9.9,170.3,14.6,7,10,2025-10-03T07:03:10,2025-10-03T18:41:24,0.39,Clear,Clear conditions throughout the day.,clear-day,"KITH,KN03,F1524,KBGM"
"42.0955,-75.9179",2025-10-04,75.4,48.6,63.5,75.4,48.6,63.5,49.1,62.4,0,0,0,,0,0,8.9,5.5,245.1,1023.6,0,9.9,154.5,13.4,6,10,2025-10-04T07:04:16,2025-10-04T18:39:42,0.42,Clear,Clear conditions throughout the day.,clear-day,"KITH,KN03,F1524,KBGM"
"42.0955,-75.9179",2025-10-05,78.5,54.6,66.5,78.5,54.6,66.5,49.2,56.5,0,0,0,,0,0,19.7,9.2,206.6,1024.9,0,9.9,161.3,14,7,10,2025-10-05T07:05:22,2025-10-05T18:38:00,0.45,Clear,Clear conditions throughout the day.,clear-day,"KITH,KN03,F1524,KBGM"
"42.0955,-75.9179",2025-10-06,78.5,54.4,66.5,78.5,54.4,66.5,49.2,55.5,0,0,0,,0,0,16.3,9.1,216.8,1023.4,0.1,9.9,153,13.4,7,10,2025-10-06T07:06:28,2025-10-06T18:36:19,0.5,Clear,Clear conditions throughout the day.,clear-day,"KITH,KN03,F1524,KBGM"
"42.0955,-75.9179",2025-10-07,70.7,61.5,65,70.7,61.5,65,57.9,78.1,0.063,100,29.17,rain,0,0,30,12.8,202.9,1017.4,68.8,9.6,61.5,5.4,2,10,2025-10-07T07:07:34,2025-10-07T18:34:38,0.52,"Rain, Partially cloudy",Partly cloudy throughout the day with rain.,rain,"KITH,KN03,F1524,KBGM"
"42.0955,-75.9179",2025-10-08,63,45.2,53.8,63,39.8,52.7,45.6,76.4,0.376,100,37.5,rain,0,0,34.4,16.7,336.9,1019.2,65,9.1,134.7,11.7,7,10,2025-10-08T07:08:41,2025-10-08T18:32:57,0.55,"Rain, Partially cloudy",Partly cloudy throughout the day with a chance of rain throughout the day.,rain,"KITH,KN03,F1524,KBGM"
"42.0955,-75.9179",2025-10-09,48.9,37.1,42.8,47.8,30.8,38.7,29.3,61,0,0,0,,0,0,21.9,14.7,15.6,1031.6,5.9,9.9,188.6,16.2,7,10,2025-10-09T07:09:48,2025-10-09T18:31:17,0.59,Clear,Clear conditions throughout the day.,clear-day,"KITH,KN03,F1524,KBGM"
"42.0955,-75.9179",2025-10-10,58.2,30.5,44.5,58.2,26,42.5,30.5,60.8,0,0,0,,0,0,24.2,12.9,172.7,1029.4,0,9.9,158.6,13.8,7,10,2025-10-10T07:10:55,2025-10-10T18:29:38,0.62,Clear,Clear conditions throughout the day.,clear-day,"KITH,KN03,F1524,KBGM"
"42.0955,-75.9179",2025-10-11,63.8,40.8,51.6,63.8,37.7,50.3,43.7,76.4,0.004,100,8.33,rain,0,0,22.6,11.5,152.4,1022.2,36.8,8.8,126.3,10.9,7,10,2025-10-11T07:12:03,2025-10-11T18:28:00,0.66,"Rain, Partially cloudy",Becoming cloudy in the afternoon with late afternoon rain.,rain,"KITH,KN03,F1524,KBGM"
"42.0955,-75.9179",2025-10-12,61.5,48.9,54.1,61.5,46.2,53.8,47.6,80,0.016,100,16.67,rain,0,0,23.7,12.1,73.2,1020.6,62.5,9.8,86.3,7.5,5,10,2025-10-12T07:13:11,2025-10-12T18:26:22,0.69,"Rain, Partially cloudy",Partly cloudy throughout the day with early morning rain.,rain,"KITH,KN03,F1524,KBGM"
"42.0955,-75.9179",2025-10-13,51.4,47.2,48.7,51.4,42.6,45.1,46.3,91.5,0.014,100,37.5,rain,0,0,32.2,13.9,44.4,1019.1,99.4,7.8,37.1,3.2,2,10,2025-10-13T07:14:19,2025-10-13T18:24:45,0.75,"Rain, Overcast",Cloudy skies throughout the day with rain.,rain,"KITH,KN03,F1524,KBGM"
"42.0955,-75.9179",2025-10-14,55,47,50,55,42.7,48.3,47.7,92,0.001,100,4.17,rain,0,0,21.3,13.1,359.5,1020.9,88.8,9.4,50.5,4.5,2,10,2025-10-14T07:15:28,2025-10-14T18:23:08,0.76,"Rain, Partially cloudy",Partly cloudy throughout the day with early morning rain.,rain,"KITH,KN03,F1524,KBGM"
"42.0955,-75.9179",2025-10-15,53.1,40.1,48,53.1,36,45.3,40.5,77.2,0,0,0,rain,0,0,24.2,15.5,335,1018.7,36.1,8.6,147,12.8,8,10,2025-10-15T07:16:36,2025-10-15T18:21:33,0.8,Partially cloudy,Clearing in the afternoon.,partly-cloudy-day,"KITH,KN03,F1524,KBGM"
"42.0955,-75.9179",2025-10-16,51.2,34.9,41.8,51.2,28.7,36.6,28.9,62.6,0,0,0,,0,0,37.9,19.7,338.2,1018.4,0.3,9.9,165.7,14.3,6,10,2025-10-16T07:17:46,2025-10-16T18:19:58,0.83,Clear,Clear conditions throughout the day.,clear-day,"KITH,KN03,F1524,KBGM"
"42.0955,-75.9179",2025-10-17,54,35.1,43.3,54,29,40.5,32.7,67.1,0,0,0,,0,0,19.7,10.9,335.4,1017.8,29.5,9.9,107,9.3,5,10,2025-10-17T07:18:55,2025-10-17T18:18:24,0.87,Partially cloudy,Partly cloudy throughout the day.,partly-cloudy-day,"KITH,KN03,F1524,KBGM"
"42.0955,-75.9179",2025-10-18,62.5,40.7,51.4,62.5,39.3,50.7,39.9,66,0,0,0,rain,0,0,19.7,7.6,168.2,1015.4,40,9.8,79.4,6.8,4,10,2025-10-18T07:20:05,2025-10-18T18:16:51,0.9,Partially cloudy,Partly cloudy throughout the day.,partly-cloudy-day,"KITH,KN03,F1524,KBGM"
"42.0955,-75.9179",2025-10-19,70.2,50.2,60.3,70.2,50.2,60.3,48.3,65.2,0,0,0,,0,0,41.9,20.6,166.2,1008.6,31.2,9.9,108.9,9.3,5,10,2025-10-19T07:21:15,2025-10-19T18:15:19,0.94,Partially cloudy,Becoming cloudy in the afternoon.,partly-cloudy-day,"KITH,KN03,F1524,KBGM"
"42.0955,-75.9179",2025-10-20,61.1,44.9,50.8,61.1,40.7,48.2,47.4,88.5,0.035,100,45.83,rain,0,0,33,15.7,262.7,1006.8,89.9,8.5,28.8,2.5,2,10,2025-10-20T07:22:26,2025-10-20T18:13:48,0.97,"Rain, Partially cloudy",Partly cloudy throughout the day with a chance of rain throughout the day.,rain,"KITH,F8458,KN03,F1524,KBGM"
"42.0955,-75.9179",2025-10-21,58.8,38.7,48.9,58.8,34.6,47.2,37.8,67.7,0,0,0,rain,0,0,20.8,14.4,223.5,1010.3,49.2,9.9,90.2,7.8,6,10,2025-10-21T07:23:36,2025-10-21T18:12:18,0,Partially cloudy,Becoming cloudy in the afternoon.,partly-cloudy-day,"KITH,KN03,F1524,KBGM"
"42.0955,-75.9179",2025-10-22,51.2,44.3,47.5,51.2,39,44.4,37,68,0,0,0,rain,0,0,32.2,16.8,235.1,1005.6,69.3,9.9,61,5.3,4,10,2025-10-22T07:24:48,2025-10-22T18:10:49,0.04,Partially cloudy,Partly cloudy throughout the day.,partly-cloudy-day,"KITH,KN03,F1524,KBGM"
"42.0955,-75.9179",2025-10-23,48.2,41.2,44.9,44.2,36.7,39.8,37.3,74.9,0,0,0,rain,0,0,21.9,13.4,234.8,1011,97.4,9.8,51,4.4,3,10,2025-10-23T07:25:59,2025-10-23T18:09:21,0.07,Overcast,Cloudy skies throughout the day.,cloudy,"KITH,KN03,F1524,KBGM"
"42.0955,-75.9179",2025-10-24,50,37.5,42.4,50,32.9,38.7,37.1,82.3,0,0,0,rain,0,0,19.5,10.1,269.4,1019.5,83.4,9.8,144.8,12.5,8,10,2025-10-24T07:27:11,2025-10-24T18:07:54,0.1,Partially cloudy,Partly cloudy throughout the day.,partly-cloudy-day,"KITH,KN03,F1524,KBGM"
"42.0955,-75.9179",2025-10-25,47,38.2,42.5,45.2,35,39.9,37.2,82.5,0.014,100,37.5,rain,0,0,10.3,7.9,313.7,1027.6,98.4,9.8,70.3,6,6,10,2025-10-25T07:28:23,2025-10-25T18:06:28,0.14,"Rain, Overcast",Cloudy skies throughout the day with rain.,rain,"KITH,KN03,F1524,KBGM"
"42.0955,-75.9179",2025-10-26,48.9,34.5,41.2,46.7,29.9,38.2,34,78.5,0.002,100,8.33,rain,0,0,21.9,11.1,341.6,1029.6,59,8.6,102.8,8.9,7,10,2025-10-26T07:29:35,2025-10-26T18:05:04,0.17,"Rain, Partially cloudy",Partly cloudy throughout the day with early morning rain.,rain,"KITH,KN03,F1524,KBGM"
"42.0955,-75.9179",2025-10-27,51,28.8,38,51,26,36.1,31,77.8,0,0,0,,0,0,9.2,5.5,31.8,1029.3,3.6,9.9,124,10.6,5,10,2025-10-27T07:30:48,2025-10-27T18:03:41,0.2,Clear,Clear conditions throughout the day.,clear-day,"KITH,KN03,F1524,KBGM"
